saida,entrada
1,0
1,12
1,1051
1,1303
1,601
1,1601
1,243
1,1289
1,941
1,1053
1,330
1,1393
1,592
1,234
3,2
3,118
2,2761
4,2
5,2
6,2
6,113
7,2
7,684
8,2
8,684
9,2
10,2
10,165
11,2
11,164
11,2143
13,12
12,566
12,567
12,1063
12,21
12,580
12,24
12,488
12,3614
14,12
15,12
15,21
16,12
16,2073
17,12
17,858
18,12
19,12
19,977
19,1123
19,2721
20,12
20,1360
20,240
20,2944
20,3614
21,12
21,236
21,1257
21,1302
21,1457
21,1179
21,437
21,2339
21,902
21,1203
21,52
21,1328
21,940
21,2636
21,941
21,1290
21,191
21,592
21,2771
21,3614
21,1487
22,12
23,12
24,12
24,1051
24,1257
24,350
24,1457
24,1601
24,21
24,2512
24,2721
24,2777
24,2193
24,887
25,12
26,12
26,566
26,567
26,580
27,12
27,159
28,12
28,1457
29,12
29,617
29,569
29,571
29,350
30,12
30,571
30,29
30,3027
30,592
31,12
31,1063
31,2636
32,12
33,12
34,12
35,12
35,149
35,893
35,1033
35,1086
35,150
35,894
35,1257
35,1434
35,1381
35,1849
35,24
35,2331
35,902
35,52
35,95
35,330
35,2485
35,191
35,3042
35,592
35,3528
35,3548
36,12
36,656
37,12
37,1457
37,533
38,12
39,12
39,24
40,12
41,12
41,21
41,329
42,12
43,12
43,21
44,12
45,12
45,566
45,1505
45,589
45,592
46,12
47,12
49,48
48,268
48,269
48,2890
50,48
50,168
50,52
50,1058
51,48
51,1144
51,269
51,1256
51,2528
52,48
52,264
52,268
52,218
52,125
52,939
52,269
52,2191
52,353
52,1057
52,2193
52,2890
52,3192
52,82
52,3851
53,48
54,48
54,53
55,48
57,56
57,2942
59,58
60,58
60,1240
61,58
61,1178
61,462
62,58
62,61
62,3487
64,63
64,2331
64,356
64,3811
65,63
66,63
67,63
69,68
69,243
68,3384
70,68
70,215
70,530
70,678
70,125
70,1063
70,76
70,1291
70,1466
70,385
70,434
70,1304
70,437
70,2134
70,1880
70,2327
70,1558
70,2720
70,2851
70,191
70,246
70,3196
70,3390
70,1079
70,130
70,81
70,3614
70,3620
70,883
70,82
70,3794
71,68
71,76
71,2148
71,2555
72,68
72,84
72,1508
72,2672
72,2675
72,2851
72,3384
72,3450
72,2444
73,68
75,74
75,1017
75,3378
74,433
74,3260
76,74
76,433
76,3074
76,3390
77,74
78,74
78,88
79,74
79,3169
80,74
80,78
80,2851
81,74
81,1240
81,82
82,74
82,2152
82,78
82,80
82,463
83,74
85,84
85,2672
85,2851
84,2445
84,3071
86,84
86,3429
87,84
87,433
87,85
87,2851
87,3169
87,3384
87,3393
88,84
88,3071
90,89
90,1254
90,95
91,89
92,89
92,1307
93,89
93,2102
93,95
94,89
95,89
95,2102
96,89
98,97
97,3366
99,3
100,3
101,3
102,3
102,228
103,3
104,3
104,2073
105,3
106,3
106,1
106,1393
106,590
107,3
107,374
108,3
109,3
110,3
110,566
110,3794
112,111
111,965
114,113
113,386
113,1256
113,2458
115,113
115,398
115,6
116,113
117,113
117,1256
118,113
119,113
119,1521
120,113
120,386
121,113
122,113
124,123
124,867
123,2560
125,123
125,947
125,1656
125,705
125,2558
125,81
125,82
126,123
126,236
126,349
126,125
126,947
126,787
126,3379
126,3520
126,3882
127,123
128,123
129,123
130,123
130,76
130,434
130,2569
131,123
133,132
132,2323
132,2351
134,132
135,132
135,1266
136,132
138,137
138,552
138,723
138,243
137,447
139,137
139,447
139,759
141,140
141,977
141,1434
141,95
141,994
141,2799
141,1486
140,90
140,1033
140,150
140,1434
140,95
143,142
142,330
144,142
145,142
146,142
147,90
148,90
149,90
149,1044
149,1232
149,1366
149,600
149,1367
149,52
149,2190
149,1810
150,90
150,95
151,90
151,894
151,1434
151,240
151,243
151,24
151,902
151,966
151,2923
151,34
151,1039
151,592
151,157
152,90
153,90
154,90
154,294
154,218
154,219
154,125
154,1849
154,243
154,1129
154,166
154,228
154,1853
154,11
155,90
155,150
155,1434
155,21
155,2056
155,1622
155,902
155,95
155,1162
156,90
157,90
157,1033
157,1379
157,1434
157,1381
157,240
157,1849
157,2019
157,2331
157,902
157,95
157,3042
157,71
157,592
157,1369
157,81
158,90
160,159
161,159
162,143
163,143
165,164
165,294
165,243
165,288
165,2056
165,1203
165,2635
165,336
165,357
164,294
164,243
164,52
164,234
164,3851
166,164
166,2141
167,164
167,294
167,126
167,309
167,52
168,1285
169,168
169,1677
170,168
171,168
173,172
174,172
175,172
177,176
179,178
179,1547
181,180
181,566
181,1741
180,3353
182,180
182,353
182,1152
182,356
183,180
183,1185
185,184
186,184
187,184
189,188
189,215
189,2459
189,282
189,2025
189,3614
188,530
188,3520
190,188
190,530
190,2148
191,188
191,215
191,218
191,530
191,125
191,76
191,126
191,193
191,2025
191,130
191,3520
191,81
191,3614
192,188
192,1375
193,188
193,530
193,125
193,858
193,2459
193,860
193,130
193,3505
193,3520
193,3794
194,188
194,3520
195,188
197,196
197,210
197,243
196,243
196,288
198,196
200,199
199,294
199,1108
199,243
202,201
203,201
204,201
205,201
206,201
207,201
208,201
209,201
209,3614
210,592
211,210
211,687
211,1063
211,1262
211,1632
211,1913
213,212
214,212
216,215
215,189
217,215
218,215
218,530
218,125
218,76
218,126
218,533
218,2459
218,2555
218,787
218,191
218,193
218,2025
218,130
218,3520
218,81
218,3614
218,82
218,3794
219,215
219,1849
219,1881
219,3031
219,887
219,3381
219,882
219,1853
220,215
220,218
220,530
220,125
220,76
220,126
220,193
220,282
220,2025
220,130
220,3520
220,81
220,3794
221,215
221,191
222,215
222,218
222,530
222,125
222,126
222,191
222,3038
222,2025
222,130
222,3520
222,81
222,3614
222,3794
223,215
223,219
223,1063
223,1849
223,1558
223,1881
223,2811
223,1853
224,215
224,336
225,215
226,215
226,553
226,125
226,1063
226,269
226,1303
226,385
226,434
226,1304
226,437
226,1880
226,1558
226,2489
226,191
226,246
226,130
226,81
226,3794
227,215
227,385
227,2555
227,191
227,193
228,215
228,280
228,218
228,530
228,1266
228,2227
228,2555
228,191
228,81
228,3794
229,215
229,1131
230,215
231,215
231,530
231,125
231,385
231,434
231,1304
231,437
231,1880
231,1558
231,191
231,246
231,130
231,81
231,3794
232,215
232,294
232,218
232,530
232,1374
232,228
232,81
232,3780
232,3794
233,215
233,218
233,189
233,530
233,558
233,125
233,1063
233,76
233,531
233,385
233,1849
233,434
233,1304
233,437
233,1880
233,2227
233,1536
233,228
233,1558
233,585
233,191
233,246
233,887
233,882
233,130
233,81
233,3794
234,215
234,218
234,530
234,125
234,1131
234,1136
234,126
234,1139
234,2459
234,191
234,1141
234,193
234,1142
235,215
235,676
235,1434
235,1439
235,260
235,2747
235,3074
235,3390
237,236
237,229
236,125
236,76
236,434
236,1179
236,2573
236,3379
236,3520
236,3614
236,1240
236,88
238,236
238,1302
238,1303
238,228
238,3003
238,191
238,394
238,234
238,82
239,236
239,353
239,246
240,236
240,218
240,1033
240,1303
240,1360
240,1379
240,1381
240,1491
240,126
240,1656
240,434
240,2331
240,182
240,356
240,1162
240,3042
240,1378
240,890
240,157
240,2418
241,236
242,236
242,150
242,1379
242,1381
242,783
242,902
242,2396
242,95
242,155
242,272
242,3614
243,236
243,294
243,1242
243,1374
243,353
243,2636
243,246
243,394
243,488
243,3851
244,236
244,218
244,309
244,246
244,3208
245,236
245,1115
246,236
246,218
246,125
246,1131
246,1466
246,386
246,434
246,1113
246,2134
246,2682
246,3003
246,191
246,3379
246,61
246,234
248,247
247,1913
247,1162
249,247
249,252
250,247
250,251
251,247
251,386
251,1656
251,1962
252,247
253,247
255,254
254,1063
254,2883
254,882
256,254
256,1063
256,229
256,2041
256,2404
257,254
258,254
258,1505
258,2137
258,228
259,254
260,254
260,1063
260,887
261,254
261,2923
262,254
262,1063
263,254
265,264
265,268
265,1285
265,126
265,2135
265,2890
265,234
265,3190
264,268
266,264
267,264
267,268
267,269
268,234
269,268
269,1285
269,380
270,268
271,268
272,268
272,352
273,268
274,268
274,243
274,52
274,246
274,3216
276,275
275,1375
277,275
279,278
281,280
281,336
280,2025
282,280
283,280
283,191
283,3614
285,284
284,700
284,1491
284,52
284,35
284,592
287,286
287,291
286,294
286,243
286,288
286,1372
288,286
288,243
288,2811
288,330
288,592
288,11
289,286
290,286
290,291
291,286
291,21
291,1371
291,3390
292,286
292,476
292,1601
293,286
293,243
295,294
295,300
294,218
294,1150
294,1374
294,51
294,126
294,385
294,243
294,353
294,705
294,1256
294,182
294,2845
294,2890
294,2528
294,1810
294,3851
296,294
297,294
297,474
297,718
297,243
297,693
297,330
297,274
298,294
299,294
300,294
300,311
301,294
302,294
302,303
302,323
303,294
303,305
303,385
303,21
303,1830
304,294
304,447
304,118
304,693
304,337
305,294
305,531
305,783
305,2019
305,157
306,294
306,243
306,889
307,294
308,294
309,294
309,246
310,294
311,294
311,602
312,294
313,294
314,294
314,182
314,2811
315,294
315,1300
315,2404
316,294
316,1470
317,294
318,294
318,2142
318,274
319,294
319,243
320,294
321,294
322,294
322,126
322,3020
322,890
323,294
323,218
323,243
323,1913
323,166
323,274
324,294
324,598
324,126
325,294
325,309
325,243
325,2652
325,1543
326,294
327,294
327,817
327,894
327,243
327,288
327,166
327,353
327,52
327,834
327,11
328,294
329,294
329,531
329,1558
329,394
330,294
330,2249
330,274
331,294
332,294
332,531
332,1179
332,3379
333,294
333,356
334,294
335,294
335,609
335,1558
335,1162
336,294
336,218
336,1305
336,234
336,55
336,88
336,3851
337,294
337,718
337,243
337,166
337,182
337,1544
337,11
338,294
339,294
339,3866
340,294
340,3886
341,294
342,294
343,294
343,395
344,294
345,294
346,294
348,347
348,21
348,352
348,2052
348,902
348,1328
348,1162
347,348
350,349
350,531
350,882
350,3884
349,867
349,81
351,349
351,125
352,349
352,670
353,349
353,377
353,218
353,668
353,812
353,1150
353,386
353,1980
353,2327
353,2223
353,2113
353,2890
353,670
353,890
353,883
354,349
354,1962
354,251
354,2067
354,2418
355,349
355,566
355,580
356,349
356,1366
356,1979
356,353
356,246
356,61
356,883
357,349
359,358
359,731
358,548
358,219
358,1063
358,1053
358,2923
358,887
360,358
361,358
362,358
364,363
366,365
365,598
365,1152
365,2769
367,365
369,368
369,1607
371,370
371,303
371,323
372,370
372,337
373,370
375,374
376,374
378,377
377,386
379,377
380,377
381,218
381,76
381,437
381,1129
381,228
381,585
381,71
381,3889
382,218
383,218
383,246
384,218
384,76
384,385
384,1729
384,2148
384,193
384,3794
385,218
385,533
385,191
385,3794
386,218
387,218
388,218
388,125
388,457
388,1135
388,52
388,3505
388,2444
388,234
389,218
389,1135
389,3794
390,218
391,218
391,183
392,218
393,218
393,11
394,218
394,1142
396,395
396,2402
397,395
399,398
399,819
398,914
398,166
398,693
398,2849
400,398
401,398
401,411
401,817
402,398
403,398
404,398
405,398
406,398
406,684
406,3306
407,398
408,398
408,3552
410,409
410,817
411,1943
413,412
414,412
415,412
416,412
417,412
418,412
419,412
420,412
421,412
422,412
423,412
424,412
425,412
426,412
427,100
429,428
428,914
428,183
430,428
432,431
432,569
431,3549
433,2445
433,2672
433,2851
434,433
434,85
434,76
435,189
436,189
437,189
437,566
437,580
437,228
437,585
438,189
439,189
439,1846
440,189
440,1303
440,191
440,394
440,3196
441,189
443,442
445,444
444,1147
444,2845
444,3073
444,3363
446,444
447,444
447,2845
447,71
447,3302
448,444
449,444
450,444
451,444
451,614
452,444
454,453
456,455
457,75
457,458
457,1724
457,434
457,2704
457,461
457,3383
458,75
458,463
459,75
460,75
460,80
460,3169
460,462
461,75
461,458
461,463
462,75
462,2704
462,80
462,3169
462,3505
463,75
465,464
466,464
468,467
470,469
471,469
472,469
473,469
474,592
474,157
475,474
476,474
476,977
476,830
476,21
476,243
476,1913
476,166
476,353
476,35
476,1932
476,337
476,592
477,474
478,474
479,474
479,718
479,243
479,329
479,834
479,3369
480,474
481,474
482,474
483,474
484,474
484,479
486,485
486,3879
485,2323
485,3879
487,485
487,531
488,485
488,1131
488,1285
488,1302
488,1303
488,3188
488,394
488,3390
489,485
490,59
490,2433
490,2710
490,3398
490,61
491,59
492,396
494,493
493,883
495,493
496,493
496,573
496,718
496,21
496,1328
496,488
496,3858
497,493
498,493
499,493
500,493
501,493
502,493
503,493
503,1408
504,493
505,493
506,493
506,858
507,493
508,493
509,493
509,2113
510,493
511,493
512,493
513,493
514,493
515,493
516,493
516,219
516,883
517,493
517,3177
518,493
519,493
520,493
521,493
522,493
523,493
524,493
524,1300
525,493
526,493
527,493
528,493
529,493
530,3520
531,530
531,1204
531,787
531,2025
531,3520
531,3614
532,530
533,530
533,787
533,282
533,3505
533,3520
533,81
533,3794
534,530
534,76
534,705
534,130
534,3520
534,3614
535,530
535,1086
535,533
535,1505
535,1656
535,705
535,2566
535,3428
535,130
535,3505
535,1240
535,3794
536,530
536,3520
537,530
537,566
537,1086
537,126
537,787
537,81
537,3794
538,530
538,1086
538,1505
538,1656
538,2148
538,705
538,228
538,2566
538,3428
538,130
538,3505
538,81
538,1240
538,3794
540,539
539,1184
542,541
542,1086
541,705
543,541
544,541
544,1086
544,705
544,3854
545,541
546,541
546,1086
546,705
546,3854
547,541
547,1086
547,705
547,2238
547,2716
547,3854
548,1601
548,2811
548,2923
548,1493
549,548
550,548
551,548
552,834
555,554
555,21
555,1328
554,2471
554,3212
556,554
556,2041
557,554
559,558
559,1558
559,1881
559,561
560,558
561,558
561,1880
563,562
563,1848
564,562
564,2471
564,592
564,62
565,562
566,531
566,580
566,787
567,566
567,531
567,580
568,566
569,566
569,571
569,1063
569,1086
569,531
569,580
569,1963
569,2636
569,1471
570,566
571,566
571,3811
572,566
572,3794
573,566
573,1328
573,3794
574,566
574,1394
574,246
574,1079
575,566
576,566
576,3794
577,566
577,580
578,566
578,590
579,566
579,580
580,566
581,566
581,3794
582,566
583,566
584,566
584,569
584,2636
585,566
585,228
586,566
586,3794
587,566
587,3794
588,566
589,566
589,580
589,437
589,2509
590,566
591,566
592,566
592,939
592,50
592,1086
592,1213
592,269
592,1302
592,1303
592,1366
592,126
592,1656
592,1289
592,2331
592,2445
592,1057
592,52
592,1058
592,2193
592,2851
592,3316
592,488
592,234
593,566
593,600
593,589
594,566
594,228
594,81
594,3794
595,566
596,566
596,3794
597,566
598,1303
598,1287
598,2890
598,3031
598,890
599,598
600,598
600,1367
600,52
600,356
600,2190
600,488
600,592
600,3794
601,598
602,598
602,353
603,598
604,598
605,598
606,598
607,598
608,598
610,609
609,350
611,609
612,609
614,613
616,615
618,617
617,939
617,1289
617,52
617,1470
619,617
620,617
621,617
622,617
623,617
623,765
623,592
623,630
624,617
625,617
626,617
626,1270
627,617
628,617
629,617
629,573
629,1596
629,1367
629,1328
629,1359
629,630
630,617
630,52
630,2560
630,592
631,617
633,632
632,531
634,632
635,632
636,632
637,632
638,632
639,632
640,632
641,632
642,632
643,632
644,632
645,632
646,632
647,632
648,632
648,3732
649,632
650,632
651,632
653,652
654,567
655,567
656,567
657,567
658,567
658,350
658,2656
658,589
660,659
659,894
659,1601
659,1868
659,330
659,35
659,1162
659,157
661,659
662,659
662,1045
663,659
664,659
665,659
666,659
667,659
668,1115
669,668
670,668
672,671
671,531
674,673
674,243
674,1951
673,1379
673,243
673,182
673,272
673,1951
675,673
677,676
677,1979
678,1063
678,246
679,678
680,569
681,569
683,682
682,3732
685,684
686,684
686,1020
688,687
687,1913
690,689
690,165
690,2721
690,336
690,3634
689,165
689,243
689,1203
689,336
689,690
691,15
693,692
693,243
693,274
694,300
695,300
696,300
696,3866
697,149
699,698
700,1493
702,701
703,701
703,2117
705,704
705,1656
705,3370
704,2323
704,3526
706,704
706,1741
707,704
708,4
710,709
712,711
713,711
714,711
715,711
717,716
717,718
717,251
717,2865
716,2934
718,716
718,243
719,716
719,718
720,716
721,716
721,718
721,243
721,1057
721,1487
722,716
722,718
722,243
722,2934
722,337
722,274
722,3851
723,1392
723,243
724,723
725,723
726,219
726,2073
727,219
728,219
729,219
730,219
731,219
731,1849
731,1461
732,219
732,776
732,1525
732,1607
732,2327
732,2811
732,1270
732,191
732,246
733,219
733,1283
733,1303
733,1500
733,1527
733,1601
733,21
733,1437
733,1528
733,1740
733,155
733,2060
733,852
734,219
734,329
735,219
736,219
736,260
736,1853
737,219
737,882
737,1853
738,219
739,219
740,219
742,741
742,2431
741,256
743,741
745,744
744,3009
747,746
746,35
746,2952
748,746
749,746
750,746
751,746
752,447
753,447
754,447
755,447
755,318
756,447
757,447
758,447
758,2617
759,447
760,447
761,447
762,447
764,763
763,34
763,592
765,763
765,1491
765,240
765,2072
765,1328
765,1493
765,3332
765,1387
766,763
767,763
769,768
770,768
770,3003
770,771
771,768
771,898
771,770
772,768
774,773
774,246
773,246
775,773
777,776
776,3854
778,776
779,776
781,780
781,1713
781,1179
783,782
783,531
783,3614
783,3884
782,1063
782,1439
784,782
785,782
786,125
787,125
787,3882
788,125
788,76
788,1179
788,2569
788,193
788,3794
789,125
789,3882
790,571
791,571
791,1346
791,807
792,571
792,1346
793,571
794,571
794,2052
794,3526
795,571
795,1346
796,571
796,3811
797,571
798,571
798,1346
799,571
799,1346
800,571
801,571
802,571
803,571
803,1086
803,1346
804,571
805,571
806,571
806,1346
807,571
807,1352
807,800
807,3811
808,571
810,809
811,809
813,812
814,812
815,812
816,812
818,817
818,1943
820,819
820,3552
822,821
824,823
824,1244
824,722
825,476
825,243
826,476
827,476
827,849
827,243
827,1913
827,834
827,337
828,476
828,288
828,834
829,476
829,288
829,488
829,1808
830,476
830,941
830,2952
831,476
832,476
832,827
833,476
833,243
834,476
834,849
834,718
834,243
834,1913
834,693
834,941
834,337
834,1372
835,476
836,476
836,243
836,1913
838,837
838,1256
837,1256
840,839
841,839
841,1303
841,182
841,941
841,3043
841,479
841,1
842,114
844,843
845,843
847,846
847,2321
848,256
849,852
849,834
849,2753
850,849
851,849
851,1601
851,479
851,834
851,1
852,849
853,849
854,849
855,849
856,827
856,243
856,721
856,1493
857,827
857,1913
859,858
860,858
862,861
861,3308
861,3326
864,863
864,783
863,1204
863,1457
863,890
866,865
866,2254
866,3366
868,867
870,869
871,869
872,869
874,873
873,1302
873,1303
873,386
873,1979
873,436
875,873
876,873
877,873
878,873
879,873
880,873
881,873
882,873
882,1849
882,228
882,585
882,191
882,887
883,873
883,81
884,873
885,873
887,886
886,887
889,888
888,2223
890,888
890,1303
890,126
890,386
890,1656
890,234
890,883
890,3780
891,888
892,888
894,893
894,1257
894,600
894,1179
894,52
894,2512
894,356
894,1378
894,488
894,592
893,356
895,893
895,1381
895,288
895,1369
896,893
897,893
899,898
898,1303
898,246
900,898
901,898
902,898
902,21
902,1203
903,898
904,898
904,770
905,898
906,898
908,907
909,907
911,910
913,912
912,336
915,914
916,914
917,914
917,386
917,251
918,914
919,914
919,1172
919,2849
921,920
922,920
924,923
923,947
925,923
927,926
927,947
926,931
926,947
928,926
930,929
930,1063
930,269
930,1289
930,2327
930,2489
930,2779
930,3252
929,2489
932,931
931,1388
933,931
933,947
934,931
935,931
936,931
936,1388
936,2710
938,937
939,1290
940,939
940,1129
940,1290
941,939
941,1311
941,1303
941,21
941,1289
941,1058
941,2190
941,592
941,3731
942,939
942,1311
942,2471
942,488
943,939
943,3258
945,944
946,944
946,1962
948,947
949,947
950,947
951,947
951,3788
952,947
953,947
954,947
955,947
956,947
956,2569
956,965
957,947
957,2434
958,947
959,947
960,947
961,947
962,947
963,947
963,81
963,3614
964,947
965,947
965,1086
965,1388
965,1662
965,2710
966,947
967,947
968,947
969,947
970,947
971,947
971,3788
972,947
973,947
974,947
975,947
976,947
978,977
977,1379
977,531
977,2721
977,1493
979,977
980,977
981,977
981,21
982,977
983,977
984,977
984,2617
985,977
985,894
985,1601
985,1461
986,977
987,977
987,981
988,977
989,977
989,3548
990,977
991,977
991,243
991,288
991,2338
991,479
991,834
991,1
992,977
993,977
993,243
994,977
994,1434
994,2721
994,356
994,2799
994,1493
994,1162
995,977
996,977
996,479
997,977
998,977
999,977
1000,977
1000,981
1000,348
1001,977
1002,977
1002,1493
1003,977
1004,977
1005,977
1006,977
1007,977
1009,1008
1008,1303
1010,1008
1010,1011
1011,1008
1012,1008
1013,1008
1014,1008
1016,1015
1015,531
1015,2721
1017,3378
1018,1017
1018,1752
1018,3074
1019,1017
1021,1020
1020,243
1020,722
1020,3787
1022,1020
1023,1020
1024,1020
1025,1020
1027,1026
1028,1026
1029,1026
1030,1026
1032,1031
1033,894
1033,1434
1033,592
1034,1033
1034,1466
1034,246
1034,3620
1035,1033
1035,35
1036,1033
1037,1033
1037,35
1038,1033
1039,1033
1039,1434
1039,35
1039,1493
1039,592
1040,1033
1040,830
1041,1033
1043,1042
1043,1500
1043,394
1042,126
1042,1979
1042,1980
1045,1366
1045,1379
1045,902
1045,182
1045,52
1045,95
1045,356
1045,1162
1045,592
1045,53
1047,1046
1047,1213
1047,2721
1046,1063
1046,561
1049,1048
1049,693
1048,243
1048,1546
1050,1048
1051,1601
1051,246
1052,1051
1052,3640
1053,1051
1053,1601
1053,887
1053,592
1053,1853
1054,1051
1054,1457
1054,2636
1055,50
1056,50
1056,1830
1056,329
1057,50
1057,52
1057,2471
1057,2475
1058,50
1058,2285
1059,50
1059,1716
1060,50
1061,50
1061,1257
1061,1304
1061,1179
1061,1290
1061,488
1062,50
1062,2636
1062,3505
1063,1311
1063,1304
1063,1880
1063,1115
1063,3390
1063,882
1064,1063
1064,2073
1065,1063
1066,1063
1067,1063
1067,1552
1067,1304
1067,1880
1067,1558
1067,585
1067,191
1068,1063
1069,1063
1070,1063
1071,1063
1071,1439
1071,1466
1071,1849
1071,2331
1071,1162
1071,488
1071,81
1072,1063
1073,1063
1074,1063
1074,1086
1075,1063
1076,1063
1076,227
1077,1063
1077,1881
1078,1063
1079,1063
1079,1466
1079,246
1080,1063
1080,2799
1080,887
1081,1063
1083,1082
1083,3399
1084,1082
1084,1240
1085,1082
1087,1086
1088,1086
1089,1086
1090,1086
1091,1086
1091,3177
1092,1086
1092,957
1092,62
1093,1086
1093,2471
1093,488
1093,62
1094,1086
1095,1086
1095,2475
1096,1086
1098,1097
1099,573
1100,573
1101,573
1102,573
1103,573
1103,1328
1104,573
1105,573
1106,573
1107,573
1108,3088
1109,1108
1109,722
1111,1110
1111,234
1110,1111
1110,234
1113,1112
1113,2033
1112,2033
1115,1114
1115,1302
1115,2682
1115,191
1115,1111
1115,234
1114,126
1117,1116
1118,1116
1119,1116
1119,356
1120,1116
1121,1116
1121,1113
1122,1116
1125,1124
1127,1126
1129,1128
1129,3196
1129,1115
1128,394
1130,1128
1130,234
1132,1131
1131,126
1131,1113
1133,1131
1134,1131
1135,1131
1136,1131
1136,1139
1137,1131
1137,1302
1138,1131
1139,1131
1139,1204
1140,1131
1141,1131
1142,1131
1143,1131
1144,269
1145,1144
1146,1144
1147,3363
1148,1147
1149,1147
1151,1150
1151,1152
1152,1150
1152,3353
1153,303
1154,303
1155,303
1157,1156
1158,981
1159,150
1160,150
1161,150
1162,150
1162,1849
1162,2331
1162,1558
1162,902
1162,52
1162,2721
1162,356
1162,2799
1162,1378
1162,488
1162,592
1163,150
1164,150
1164,1379
1164,1381
1164,243
1164,2617
1164,693
1164,1162
1164,157
1164,348
1166,1165
1166,3381
1165,2851
1165,3381
1167,1165
1169,1168
1168,2851
1168,462
1170,1168
1171,1168
1171,3080
1171,462
1174,1173
1175,1173
1176,1173
1177,1173
1179,1178
1179,2117
1179,2339
1179,2434
1178,1604
1180,1178
1181,1178
1181,2117
1183,1182
1182,882
1185,1184
1187,1186
1186,2203
1188,1186
1189,1186
1189,733
1190,1186
1191,305
1192,305
1193,305
1193,1808
1194,305
1194,35
1195,305
1196,305
1198,1197
1198,21
1197,348
1199,1197
1200,1197
1201,1197
1201,182
1203,1202
1203,1379
1203,352
1205,1204
1206,1204
1207,1204
1208,1135
1208,1266
1209,1135
1209,3794
1211,1210
1210,1303
1210,1457
1210,21
1210,1179
1212,1210
1214,1213
1214,1394
1213,2193
1215,1213
1216,223
1217,223
1218,223
1219,223
1220,894
1220,2137
1221,894
1222,894
1223,894
1223,52
1223,630
1223,3754
1224,894
1224,2060
1224,1368
1225,894
1225,3528
1226,894
1227,894
1228,894
1228,52
1228,592
1228,1982
1229,894
1230,894
1231,894
1232,356
1232,2069
1233,1232
1234,1232
1235,1232
1236,76
1237,76
1238,76
1239,76
1240,76
1240,2704
1240,3381
1241,76
1241,2032
1243,1242
1244,1242
1244,2143
1246,1245
1248,1247
1247,902
1247,155
1247,1162
1249,92
1249,2327
1250,92
1250,1129
1251,92
1252,269
1253,269
1254,269
1255,269
1256,269
1256,267
1257,1179
1257,3858
1258,1257
1259,1257
1259,733
1260,1257
1261,1257
1263,1262
1263,1603
1262,1366
1262,2307
1264,1262
1265,1262
1266,282
1267,1266
1268,1266
1269,1266
1270,1266
1270,228
1271,1266
1272,1266
1273,1266
1274,1266
1275,1266
1276,1266
1277,1187
1279,1278
1281,1280
1282,1280
1283,1601
1283,2512
1283,2721
1283,2799
1284,1283
1285,1311
1286,1285
1287,1285
1287,2896
1288,1285
1289,1285
1289,1311
1289,246
1289,3196
1289,3207
1290,1285
1290,1291
1292,1291
1294,1293
1293,3725
1295,1293
1297,1296
1297,1311
1296,3192
1296,234
1298,1296
1299,1296
1301,1300
1302,394
1303,1302
1303,3003
1303,394
1303,234
1304,1302
1304,3188
1305,1302
1305,1111
1306,70
1307,234
1308,1307
1308,227
1309,1307
1310,1307
1312,1311
1312,1328
1312,592
1311,3196
1311,1115
1311,234
1313,1311
1314,1311
1314,1303
1314,3003
1314,488
1315,1311
1315,2753
1316,1311
1316,126
1316,1270
1316,3196
1317,1311
1318,1311
1318,3188
1319,1311
1320,1311
1321,1311
1321,3368
1322,1303
1323,1303
1323,2489
1323,246
1323,3316
1324,1303
1324,531
1325,1303
1325,1115
1326,1303
1327,1303
1328,1303
1328,531
1328,21
1328,182
1328,2647
1328,1461
1329,1303
1330,1303
1331,1303
1332,1303
1333,1303
1333,246
1334,1303
1334,3192
1334,1115
1335,1303
1335,1334
1336,1303
1336,1363
1337,1303
1338,1303
1339,1303
1340,1303
1341,1303
1343,1342
1342,2161
1344,1342
1344,2923
1344,1162
1345,1342
1347,1346
1347,3761
1346,3811
1348,1346
1348,1622
1348,1493
1348,488
1349,1346
1350,1346
1351,1346
1352,1346
1352,800
1353,1346
1353,807
1354,1346
1355,1346
1355,1352
1355,807
1356,1346
1357,1346
1358,1346
1359,1346
1359,182
1360,240
1360,157
1361,1360
1362,1360
1362,240
1363,1360
1363,1434
1363,240
1363,141
1364,1360
1365,1360
1365,20
1365,2944
1366,1979
1367,1366
1367,352
1367,1979
1367,787
1368,1366
1369,1366
1369,1367
1369,243
1370,718
1370,3363
1371,718
1371,243
1372,718
1372,243
1372,1371
1373,718
1373,834
1374,51
1374,386
1374,243
1374,2845
1374,2528
1375,1374
1375,2249
1375,3225
1376,600
1376,52
1377,600
1377,1328
1377,95
1377,488
1378,600
1378,488
1380,1379
1379,352
1379,2056
1381,1379
1381,2052
1381,272
1382,1379
1383,1379
1383,1203
1383,592
1384,1379
1384,1381
1385,1379
1385,1381
1386,1379
1387,1379
1389,1388
1389,936
1388,2026
1390,1388
1391,1388
1392,243
1392,2636
1393,1392
1393,890
1395,1394
1394,1289
1396,1394
1396,1289
1396,2191
1396,2193
1396,3614
1397,1394
1398,1394
1399,1394
1401,1400
1402,506
1403,506
1404,506
1405,506
1406,506
1407,506
1409,1408
1410,1408
1411,1408
1412,1408
1413,1408
1414,1408
1415,1408
1416,1408
1416,2636
1416,356
1416,3177
1417,1408
1418,1408
1419,1408
1420,1408
1421,1408
1422,601
1422,353
1422,890
1423,601
1424,601
1424,2192
1424,488
1425,601
1426,601
1426,1287
1426,353
1426,191
1426,890
1426,3353
1426,883
1427,601
1429,1428
1430,239
1430,2811
1431,239
1431,883
1432,239
1433,239
1434,2331
1434,902
1435,1434
1435,1047
1435,155
1435,3592
1436,1434
1437,1381
1437,240
1437,1601
1437,787
1437,155
1437,1162
1437,3042
1438,1381
1438,155
1440,1439
1441,1439
1442,350
1443,350
1444,350
1444,228
1445,350
1446,350
1447,350
1447,589
1448,350
1448,2113
1449,350
1450,350
1450,356
1451,350
1452,350
1452,1456
1453,350
1454,350
1455,350
1458,1457
1458,2113
1457,21
1457,24
1457,3851
1459,1457
1459,21
1460,1457
1461,1457
1461,21
1461,592
1462,1457
1462,21
1462,1461
1462,883
1463,1457
1464,1457
1465,1457
1466,577
1467,1466
1468,1466
1469,1466
1470,1466
1470,488
1471,1466
1471,2851
1471,246
1472,531
1473,531
1474,531
1474,3884
1475,531
1476,531
1476,1461
1476,1393
1477,531
1478,531
1478,462
1479,531
1480,531
1481,531
1481,2636
1482,531
1482,3614
1483,531
1483,2771
1484,531
1484,533
1484,1662
1484,3614
1485,531
1485,2329
1486,531
1486,3471
1486,1810
1487,531
1487,1289
1487,2769
1488,830
1489,830
1490,830
1492,1491
1492,2072
1492,1387
1492,2418
1493,1491
1493,165
1493,770
1493,141
1493,488
1495,1494
1496,1494
1498,1497
1498,211
1499,240
1501,1500
1502,1500
1503,1500
1504,151
1505,957
1506,957
1507,957
1509,1508
1509,2442
1508,3384
1510,1508
1510,2444
1511,1508
1511,2444
1512,126
1513,126
1514,126
1515,126
1516,126
1516,787
1516,193
1517,126
1518,126
1519,126
1520,126
1521,126
1522,623
1522,2060
1523,623
1524,623
1526,1525
1527,733
1527,1528
1528,1527
1528,733
1530,1529
1529,1970
1531,577
1532,577
1533,577
1534,533
1535,533
1536,533
1536,2698
1537,533
1537,2113
1538,533
1539,533
1539,436
1540,533
1541,533
1542,533
1543,309
1544,309
1545,309
1546,309
1547,311
1548,602
1550,1549
1550,1060
1549,770
1549,2069
1551,1549
1551,890
1553,1552
1552,3113
1554,1552
1555,1552
1556,1552
1556,2208
1557,1552
1558,1552
1558,2606
1559,1117
1561,1560
1561,3316
1562,1560
1562,3316
1563,1560
1564,1560
1564,1561
1564,3316
1565,1560
1566,1560
1567,64
1568,64
1569,64
1570,64
1571,64
1572,64
1573,64
1574,64
1575,64
1576,64
1577,64
1578,64
1579,64
1580,64
1580,3344
1581,64
1581,3337
1582,64
1583,64
1584,64
1585,64
1587,1586
1588,1586
1590,1589
1591,1589
1592,731
1593,731
1593,2799
1593,887
1594,731
1594,1601
1595,731
1597,1596
1596,1656
1596,2560
1596,965
1598,1596
1600,1599
1601,24
1601,2512
1601,488
1602,1601
1603,1601
1603,1363
1603,1486
1605,1604
1606,1604
1608,1607
1608,2811
1609,1607
1610,1607
1610,2191
1611,1607
1612,1607
1613,1607
1614,1607
1614,2692
1615,1607
1615,1968
1615,2692
1616,1607
1617,1607
1618,1607
1619,1607
1620,1505
1620,965
1621,1505
1622,1505
1623,1505
1623,488
1623,3471
1623,62
1624,1505
1624,965
1625,1505
1625,3123
1626,1505
1627,1505
1628,534
1629,534
1630,534
1631,165
1633,385
1634,385
1634,191
1635,385
1636,385
1637,385
1638,385
1638,883
1639,385
1640,385
1640,81
1640,3794
1641,385
1642,386
1643,386
1644,386
1645,386
1646,386
1646,1536
1647,386
1647,251
1648,386
1649,386
1650,386
1650,1644
1650,251
1651,386
1651,122
1653,1652
1655,1654
1657,1656
1658,1656
1659,1656
1659,24
1659,1461
1659,2777
1659,2190
1659,592
1659,81
1659,3614
1660,1656
1661,1656
1663,1662
1663,2235
1664,1662
1664,2434
1664,61
1664,3791
1665,1662
1666,1662
1667,1662
1668,1662
1668,1179
1668,2339
1669,1662
1670,1662
1671,1662
1672,1662
1673,1662
1674,1662
1675,1662
1676,1662
1678,1677
1679,1677
1680,1677
1681,1677
1682,1677
1683,1677
1684,1677
1685,1677
1686,1677
1687,1677
1688,1677
1689,1677
1690,1677
1691,1677
1692,1677
1693,1677
1695,1694
1696,1694
1697,1694
1697,2028
1698,1694
1698,2028
1699,1694
1700,1694
1701,1694
1702,1694
1703,1694
1704,1694
1704,783
1704,1304
1704,191
1705,1694
1706,1694
1707,1694
1708,1694
1708,2028
1709,1694
1711,1710
1711,1712
1712,1710
1712,95
1714,1713
1714,2560
1714,2566
1715,1713
1716,356
1716,3251
1716,2475
1718,1717
1719,1717
1719,2454
1720,1717
1721,1717
1721,2454
1723,1722
1722,193
1724,461
1725,1510
1726,1510
1726,2851
1726,3390
1727,1510
1728,1510
1728,2020
1728,3390
1730,1712
1731,1712
1731,95
1732,1712
1733,1712
1734,1712
1735,1712
1736,1712
1737,1712
1738,783
1738,3270
1739,783
1740,783
1740,95
1740,2060
1742,1741
1741,3503
1743,1741
1743,936
1743,3505
1744,1741
1745,1741
1746,1741
1747,1741
1748,1741
1748,462
1749,1741
1749,3487
1750,1741
1751,1741
1752,3074
1753,21
1754,21
1755,21
1756,21
1757,21
1757,3808
1758,21
1759,21
1760,21
1760,2753
1761,21
1762,21
1763,21
1764,21
1765,21
1766,21
1767,21
1768,21
1769,21
1769,1493
1770,21
1771,21
1771,902
1772,21
1773,21
1774,21
1775,21
1776,21
1777,21
1778,21
1779,21
1780,21
1780,329
1781,21
1782,21
1783,21
1783,902
1783,191
1783,348
1784,21
1785,21
1786,21
1786,902
1786,3808
1787,21
1787,52
1788,21
1789,21
1790,21
1791,21
1792,21
1793,21
1794,21
1795,21
1795,2771
1796,21
1797,21
1798,21
1799,21
1800,21
1801,21
1802,21
1803,21
1803,1060
1803,3471
1803,62
1804,21
1805,21
1806,21
1807,21
1808,21
1809,21
1810,21
1810,1622
1811,21
1812,21
1813,21
1814,21
1815,21
1816,21
1816,3808
1817,21
1818,21
1819,21
1819,3808
1820,21
1821,21
1822,21
1823,21
1825,1824
1826,1824
1827,1824
1828,1824
1829,1824
1831,1830
1830,1450
1830,52
1830,2721
1832,1830
1832,2503
1832,2246
1833,1830
1834,900
1834,2285
1835,900
1837,1836
1837,2113
1836,488
1839,1838
1841,1840
1840,2614
1842,1840
1844,1843
1843,1315
1843,1521
1843,2753
1843,3690
1845,242
1847,1846
1847,311
1848,1846
1848,182
1848,940
1850,1849
1850,887
1850,882
1851,1849
1852,1849
1852,24
1853,1849
1853,1558
1853,2606
1853,882
1853,3614
1854,1367
1855,1367
1855,2485
1856,1367
1856,1486
1857,1367
1858,1367
1859,1367
1860,580
1861,580
1862,580
1863,580
1864,580
1864,1980
1864,437
1864,353
1864,3031
1864,670
1865,580
1866,580
1867,580
1868,155
1869,1868
1869,1227
1870,1868
1870,35
1871,1868
1873,1872
1874,434
1874,1241
1875,434
1875,2073
1875,462
1876,434
1877,434
1878,434
1879,1304
1879,246
1880,1304
1880,3188
1880,1115
1881,1304
1881,887
1882,243
1882,1487
1883,243
1884,243
1885,243
1886,243
1886,288
1887,243
1888,243
1889,243
1890,243
1891,243
1892,243
1893,243
1894,243
1895,243
1895,851
1896,243
1896,288
1897,243
1898,243
1899,243
1899,834
1900,243
1901,243
1901,1913
1902,243
1903,243
1904,243
1905,243
1905,288
1905,330
1905,3072
1905,2012
1906,243
1907,243
1908,243
1909,243
1910,243
1911,243
1912,243
1913,243
1913,2143
1913,2458
1913,52
1913,274
1914,243
1915,243
1916,243
1917,243
1917,288
1917,330
1917,1929
1917,834
1918,243
1919,243
1920,243
1921,243
1922,243
1923,243
1924,243
1925,243
1926,243
1926,71
1926,3222
1927,243
1927,1808
1928,243
1928,722
1929,243
1929,288
1929,834
1930,243
1930,479
1931,243
1932,243
1932,81
1933,243
1933,157
1934,243
1934,11
1935,243
1936,243
1936,2811
1936,1486
1937,243
1937,3634
1938,243
1939,243
1940,243
1941,243
1942,243
1943,243
1943,765
1944,243
1945,243
1945,2799
1946,243
1946,1919
1946,488
1947,243
1948,243
1949,243
1950,243
1951,243
1951,272
1952,243
1953,243
1954,243
1954,288
1955,243
1957,1956
1956,590
1958,1956
1959,1956
1960,1956
1961,1956
1962,3428
1964,1963
1965,1963
1965,2372
1966,1963
1967,1963
1970,1969
1972,1971
1973,1971
1974,1179
1974,2117
1974,3526
1975,1179
1976,1179
1976,3775
1977,1179
1977,1113
1977,130
1978,1179
1979,436
1980,1979
1981,1979
1982,1979
1982,52
1984,1983
1985,1983
1986,311
1987,387
1988,733
1989,733
1990,733
1991,733
1991,2060
1992,733
1993,733
1994,733
1995,733
1996,1450
1997,1450
1998,288
1999,288
2000,288
2001,288
2002,288
2003,288
2004,288
2005,288
2006,288
2006,234
2007,288
2008,288
2009,288
2010,288
2011,288
2012,288
2012,330
2012,3072
2013,288
2015,2014
2017,2016
2016,11
2016,2202
2018,2016
2021,2020
2020,3735
2022,2020
2022,1728
2022,3378
2023,2020
2024,2020
2025,1605
2025,2558
2027,2026
2029,2028
2029,356
2031,2030
2034,2033
2035,1113
2036,1113
2037,1113
2038,1113
2039,1113
2040,1561
2040,3316
2041,1561
2041,2404
2041,770
2041,3177
2041,3316
2041,3388
2042,1561
2043,1561
2043,3316
2044,1561
2044,488
2045,1561
2045,2560
2045,589
2046,1561
2047,985
2049,2048
2050,260
2050,2747
2051,260
2051,2747
2053,2052
2054,2052
2055,2052
2058,2057
2060,2059
2060,1162
2060,157
2059,3042
2061,436
2061,2073
2061,2560
2061,2566
2061,2113
2061,3428
2062,436
2063,436
2064,436
2065,1622
2066,1622
2066,2069
2067,1622
2068,1622
2068,807
2068,3761
2068,3811
2069,1622
2069,356
2069,3794
2070,1622
2071,1622
2073,81
2074,2073
2075,2073
2076,2073
2077,2073
2078,2073
2079,2073
2081,2080
2082,2080
2083,2080
2085,2084
2087,2086
2087,3685
2089,2088
2091,2090
2091,3811
2092,2090
2092,2091
2093,2090
2094,2090
2095,2090
2097,2096
2099,2098
2098,337
2100,2098
2101,2098
2102,1250
2103,2102
2104,2102
2104,3016
2105,2102
2106,2102
2107,1250
2108,437
2109,437
2110,437
2111,437
2112,437
2113,437
2113,3889
2114,437
2115,437
2116,437
2118,2117
2117,2339
2117,2434
2119,2117
2120,2117
2121,2117
2122,2117
2123,2117
2124,2117
2125,2117
2126,2117
2127,851
2127,1
2127,3419
2128,851
2128,1
2129,851
2129,1
2130,471
2131,471
2132,471
2133,471
2136,1880
2136,2489
2136,61
2138,2137
2139,2137
2140,2137
2142,182
2144,2143
2143,1115
2145,2143
2145,2255
2146,2143
2147,2143
2149,2148
2150,2148
2150,3505
2150,3614
2150,3794
2151,2148
2153,1375
2154,1375
2155,24
2156,24
2157,24
2158,24
2159,24
2160,24
2161,488
2161,3858
2162,2161
2163,2161
2164,2161
2166,2165
2167,2165
2168,2165
2170,2169
2172,2171
2173,2171
2174,2171
2175,2171
2176,2171
2177,2171
2178,2171
2179,2171
2180,2171
2181,2171
2182,2171
2183,2171
2185,2184
2186,1913
2187,1913
2188,1913
2189,1289
2189,3196
2190,1289
2190,2331
2190,965
2190,941
2190,2777
2190,488
2190,592
2190,234
2191,2890
2191,3192
2191,3190
2192,2191
2193,2191
2194,1129
2194,329
2194,1470
2195,1129
2196,1129
2197,166
2198,166
2199,166
2199,251
2200,166
2201,166
2202,166
2204,2203
2203,2190
2205,2203
2207,2206
2207,807
2209,227
2209,71
2210,227
2210,228
2210,71
2211,227
2211,380
2211,71
2212,227
2213,227
2215,2214
2216,353
2216,356
2217,353
2218,353
2219,353
2220,353
2221,353
2222,353
2222,52
2222,356
2223,353
2224,353
2225,353
2226,1644
2228,2227
2229,2227
2230,2211
2230,3113
2232,2231
2233,2231
2234,2231
2236,705
2237,705
2238,705
2239,705
2239,2434
2240,705
2240,2239
2242,2241
2241,2720
2241,3113
2244,2243
2244,2560
2246,2245
2246,2758
2248,2247
2247,2277
2247,781
2250,2249
2250,1919
2250,2845
2250,329
2250,191
2250,234
2249,3225
2251,2249
2252,2085
2253,2085
2255,3732
2256,2255
2256,3552
2257,2255
2259,2258
2260,2258
2261,2258
2262,2258
2263,2258
2265,2264
2266,2264
2267,2264
2268,2264
2269,2264
2270,2264
2271,2264
2272,2264
2274,2273
2274,2113
2275,2273
2276,2273
2278,2277
2279,2277
2280,2277
2281,2277
2282,2277
2284,2283
2287,2286
2288,318
2288,693
2289,318
2290,318
2290,2845
2290,274
2291,318
2291,1290
2293,2292
2295,2294
2297,2296
2299,2298
2299,2434
2301,2300
2300,2351
2302,2300
2303,2300
2303,2339
2303,61
2304,2300
2305,2300
2306,2300
2308,228
2309,228
2310,228
2311,228
2312,228
2313,228
2314,228
2315,228
2316,228
2316,2331
2316,2113
2317,228
2318,228
2318,3614
2319,228
2320,228
2320,1270
2320,336
2322,2321
2324,2323
2324,2351
2325,2323
2326,2323
2328,2327
2329,2327
2329,2489
2329,246
2330,2327
2332,2331
2333,2331
2333,246
2335,2334
2336,2334
2337,2334
2338,834
2340,2339
2341,2339
2342,2339
2343,2339
2344,2339
2344,3811
2345,2339
2346,2339
2348,2347
2349,2347
2350,2347
2351,2434
2351,61
2352,2351
2353,2351
2354,2351
2355,2351
2356,2351
2357,29
2359,2358
2360,2041
2361,2041
2362,2041
2362,770
2362,356
2362,3177
2363,2041
2364,2041
2365,721
2365,479
2366,721
2367,721
2368,721
2370,2369
2370,2372
2369,2636
2369,589
2371,2369
2372,2369
2372,2113
2374,2373
2375,2373
2376,2373
2377,2373
2378,2373
2379,2373
2380,30
2381,30
2381,589
2382,30
2383,1139
2384,1139
2385,1558
2385,561
2386,1558
2386,561
2386,3884
2387,1558
2387,3270
2388,1558
2389,1558
2390,1558
2392,2391
2392,251
2391,1521
2393,902
2393,887
2394,902
2395,1203
2397,1256
2398,1256
2398,3734
2399,1256
2400,1256
2401,1256
2402,1256
2403,1256
2405,2404
2404,890
2406,2404
2407,2404
2408,2404
2409,182
2410,182
2410,11
2411,182
2412,182
2413,182
2414,182
2414,2192
2415,182
2416,182
2416,1387
2417,182
2418,182
2419,182
2420,182
2422,2421
2423,1917
2424,1227
2425,251
2426,251
2427,251
2427,52
2428,251
2428,2067
2429,251
2429,1011
2430,251
2431,2537
2432,2431
2434,2433
2435,2433
2436,2433
2437,2433
2437,2851
2437,61
2438,800
2440,2439
2441,2439
2442,2672
2443,2442
2444,2442
2444,2675
2444,2443
2445,3071
2446,2445
2446,3071
2447,2445
2449,2448
2450,2448
2452,2451
2453,2451
2455,2454
2457,2456
2461,2460
2461,2699
2462,2460
2463,2460
2464,323
2465,323
2465,3732
2465,3866
2467,2466
2468,2466
2469,1057
2470,1057
2470,52
2471,1057
2471,52
2472,1057
2472,1053
2473,1057
2474,1057
2475,1057
2475,52
2475,2471
2476,1057
2477,1057
2478,52
2479,52
2480,52
2481,52
2482,52
2483,52
2484,52
2485,52
2485,592
2486,52
2487,52
2488,52
2490,2489
2491,1328
2492,1328
2493,1328
2494,1328
2495,1328
2496,1328
2497,1328
2498,1052
2498,1704
2499,1052
2500,1052
2501,1052
2501,2811
2502,2471
2504,2503
2503,336
2505,2503
2506,2503
2507,2503
2508,2503
2510,119
2511,119
2513,2512
2512,2193
2514,2512
2515,940
2516,940
2518,2517
2520,2519
2521,2519
2523,2522
2525,2524
2525,722
2526,1152
2526,2769
2527,1152
2528,1152
2528,2890
2529,1152
2529,2769
2529,589
2530,1152
2531,1152
2532,460
2533,460
2534,460
2535,460
2535,3503
2536,460
2538,2537
2538,807
2539,2537
2540,2537
2541,2537
2542,2537
2543,95
2544,95
2545,95
2546,95
2547,95
2547,3016
2548,95
2549,95
2550,95
2551,95
2553,2552
2554,2552
2556,2555
2557,2372
2559,2558
2561,2560
2562,2560
2563,2560
2564,2560
2565,2560
2567,2566
2568,2566
2570,2569
2571,2569
2572,2569
2572,62
2574,1521
2575,1521
2576,965
2576,2434
2576,3379
2576,3041
2577,965
2578,965
2579,965
2580,965
2581,965
2582,1363
2583,1363
2584,1363
2585,1058
2586,787
2587,787
2588,787
2589,787
2590,654
2591,654
2592,654
2593,654
2594,654
2596,2595
2597,770
2598,770
2599,770
2600,770
2601,770
2601,3858
2603,2602
2604,2602
2605,2602
2607,2606
2608,2606
2609,1881
2610,1881
2611,1881
2612,1881
2613,1881
2614,1881
2615,1881
2616,1881
2618,2617
2619,2617
2620,2617
2621,2246
2622,2246
2623,2246
2624,2067
2625,2067
2626,2067
2627,2067
2628,2067
2629,2067
2630,2067
2631,2067
2632,1919
2634,2633
2633,1053
2637,2636
2636,246
2638,2636
2639,2636
2640,2636
2641,2636
2642,2636
2643,2636
2644,2636
2644,348
2645,2636
2646,2636
2648,2647
2649,2647
2650,2647
2651,2647
2653,2652
2653,1543
2654,2652
2654,1543
2655,2652
2657,2656
2656,246
2658,2656
2659,2656
2660,2656
2661,693
2661,2202
2662,693
2663,693
2664,693
2665,966
2666,966
2667,966
2668,966
2669,966
2670,966
2671,966
2673,2672
2672,2851
2672,88
2674,2672
2677,2676
2678,2676
2679,2676
2680,2676
2681,2676
2683,1461
2684,1461
2685,1461
2686,1461
2687,2434
2688,2434
2689,2434
2690,2434
2691,655
2694,2693
2694,3306
2696,2695
2697,2695
2699,3373
2700,2699
2701,2006
2702,2006
2703,1590
2703,3758
2704,3381
2704,3383
2705,2704
2705,3505
2706,2704
2706,3505
2707,2704
2708,2704
2709,2704
2710,3346
2710,61
2710,462
2710,3488
2711,2710
2711,61
2712,1011
2713,2238
2713,2239
2714,2238
2715,2238
2715,3041
2716,2238
2717,2238
2717,2239
2718,2238
2719,2238
2722,2721
2721,1162
2723,2721
2724,2721
2725,2721
2725,1053
2725,1493
2726,2721
2727,2721
2728,2721
2729,2721
2730,2721
2731,2721
2733,2732
2735,2734
2737,2736
2738,2736
2739,2736
2740,2736
2741,2736
2742,2736
2743,2736
2744,2736
2745,2736
2745,1053
2746,2736
2747,3390
2748,2747
2749,941
2750,941
2751,941
2752,941
2753,941
2753,1115
2753,3689
2754,941
2756,2755
2757,2755
2758,2329
2760,2759
2760,1937
2761,340
2762,2761
2763,2761
2764,2761
2765,2329
2766,2329
2768,2767
2768,3316
2770,2769
2770,3215
2771,2769
2771,2934
2773,2772
2774,2772
2775,2772
2776,2772
2776,3363
2777,2190
2778,2193
2780,2779
2781,2779
2783,2782
2784,2782
2785,2782
2786,2782
2787,2782
2788,2782
2789,356
2790,356
2791,356
2791,246
2792,356
2792,2906
2793,356
2794,356
2794,2811
2794,246
2794,883
2795,356
2795,3119
2796,356
2797,356
2798,356
2799,3548
2800,2799
2801,2799
2802,2799
2803,2799
2804,585
2805,585
2805,1426
2806,585
2807,585
2808,585
2809,585
2810,2068
2812,2811
2812,883
2811,191
2811,883
2813,2811
2814,2811
2815,2811
2815,1270
2815,246
2816,2811
2817,2811
2818,2811
2818,883
2819,2811
2820,2811
2821,2811
2822,2811
2823,2811
2824,1270
2825,1270
2826,1270
2827,1270
2828,1270
2829,1270
2830,1270
2830,1493
2831,1270
2832,1270
2833,1270
2834,1270
2835,1270
2836,1270
2837,1270
2838,1270
2839,1270
2840,1270
2841,1270
2842,1270
2843,1270
2844,1270
2845,2113
2845,71
2846,2845
2847,2845
2848,2845
2848,3353
2849,2845
2849,274
2850,2845
2851,88
2852,2851
2852,3393
2853,2851
2854,2851
2855,2851
2855,3381
2855,3384
2855,462
2855,1240
2855,3503
2856,2851
2857,1425
2858,1425
2859,1425
2859,1162
2860,1425
2861,1053
2862,1053
2862,1486
2863,1053
2864,1053
2864,3270
2866,2865
2866,3648
2867,2113
2868,2113
2868,3209
2869,2113
2870,2113
2870,883
2871,2113
2872,2113
2873,2113
2873,246
2874,2113
2874,246
2875,2113
2876,2113
2877,2113
2878,2113
2878,462
2878,3740
2879,2113
2880,2113
2881,2113
2882,2113
2883,2113
2884,2113
2885,2113
2886,2113
2887,2113
2888,2113
2889,1290
2890,1305
2890,3192
2890,1335
2891,2890
2892,2890
2893,2890
2894,2890
2895,2890
2897,2896
2896,1334
2899,2898
2901,2900
2903,2902
2905,2904
2907,2906
2908,2906
2909,2906
2910,2906
2911,2906
2912,2906
2913,2906
2914,2906
2915,2906
2917,2916
2917,1
2918,1371
2919,329
2919,246
2920,329
2922,2921
2923,1493
2923,2069
2924,2923
2925,2923
2926,2923
2927,2923
2929,2928
2930,391
2931,391
2932,391
2933,391
2935,2934
2937,2936
2938,2936
2939,2936
2940,2936
2941,2936
2943,34
2943,1486
2945,2944
2946,2944
2947,35
2948,35
2949,35
2950,35
2951,35
2952,35
2952,488
2953,35
2954,35
2955,35
2956,1493
2957,1493
2958,1493
2959,1493
2960,1493
2961,1493
2962,1493
2963,1493
2964,1493
2965,1493
2966,1493
2967,1493
2968,1493
2969,1493
2970,1493
2971,1493
2972,1493
2973,1493
2974,1493
2975,1493
2976,1493
2977,1493
2977,592
2978,1493
2979,1493
2980,1493
2981,1493
2982,1493
2982,1486
2982,1853
2983,1493
2984,1493
2985,1493
2986,1493
2987,1493
2988,1493
2989,1493
2990,155
2991,155
2992,155
2993,155
2994,155
2995,2069
2995,488
2996,2069
2997,2069
2998,2069
2998,3123
2999,2060
3000,2060
3001,2060
3002,2060
3004,3003
3005,3003
3006,3003
3007,1305
3008,1305
3010,380
3010,3196
3012,3011
3013,3011
3014,3011
3015,3011
3017,2485
3018,2485
3019,2485
3021,191
3022,191
3023,191
3024,191
3025,191
3026,191
3027,191
3028,191
3028,3208
3029,191
3030,191
3032,1162
3032,592
3033,1162
3034,1162
3035,1162
3036,1162
3037,1162
3039,2239
3040,2239
3041,2239
3042,272
3044,3043
3045,3043
3046,3043
3047,3043
3047,1486
3048,3043
3049,3043
3050,3043
3051,3043
3053,3052
3054,3052
3055,3042
3056,1704
3057,1704
3058,1704
3059,1704
3060,1704
3061,1704
3062,1704
3063,1704
3064,1704
3065,1704
3066,1704
3067,1728
3068,1728
3070,3069
3075,3074
3074,2444
3076,3074
3077,3074
3079,3078
3082,3081
3083,1934
3084,1934
3085,1934
3087,3086
3089,3088
3090,3088
3091,3088
3092,3088
3093,246
3094,246
3095,246
3096,246
3097,246
3098,246
3099,246
3100,246
3101,246
3102,246
3103,246
3104,246
3105,246
3106,246
3107,246
3108,246
3109,246
3110,246
3112,3111
3113,3252
3114,3113
3115,3113
3116,3113
3117,3113
3118,3113
3120,2091
3121,2091
3121,3811
3122,2091
3124,887
3125,887
3126,887
3127,887
3128,669
3129,669
3130,669
3131,589
3132,589
3133,589
3134,589
3135,589
3136,589
3137,589
3138,589
3139,589
3139,3740
3140,589
3141,589
3142,589
3143,589
3144,589
3146,3145
3147,670
3148,670
3149,890
3150,890
3151,890
3152,890
3153,479
3154,479
3155,479
3156,479
3157,479
3158,479
3159,479
3160,479
3161,479
3162,479
3163,479
3163,2952
3164,479
3165,479
3166,479
3167,479
3168,479
3170,3169
3171,3169
3172,71
3173,71
3174,71
3175,71
3176,393
3176,337
3178,3177
3179,3177
3180,3177
3181,3177
3182,3177
3183,3177
3185,3184
3187,3186
3186,3196
3189,3188
3190,3188
3191,3188
3192,1115
3193,3192
3194,3192
3195,3192
3196,394
3196,234
3197,3196
3198,3196
3199,3196
3200,3196
3201,3196
3201,1115
3202,1115
3203,1115
3204,1115
3204,1111
3205,1115
3206,1115
3210,3209
3211,3209
3213,3212
3214,3212
3216,3215
3217,183
3217,3719
3218,183
3219,183
3220,183
3221,183
3223,3222
3224,1506
3225,3353
3226,2952
3227,2952
3229,3228
3230,3228
3231,3228
3232,3228
3233,3228
3235,3234
3235,336
3236,834
3236,291
3237,834
3239,3238
3238,3308
3240,1238
3241,1238
3243,3242
3244,3242
3245,3242
3246,3242
3247,3242
3248,3242
3249,3242
3250,1639
3253,3252
3254,1
3255,1
3255,3447
3256,1
3257,1
3259,3258
3261,3260
3262,3260
3263,2727
3264,561
3265,561
3266,561
3267,561
3268,561
3269,561
3269,336
3271,3270
3270,1853
3272,3270
3273,3270
3274,1111
3275,1111
3276,590
3277,590
3278,590
3279,590
3280,336
3281,336
3282,336
3282,1486
3283,336
3284,336
3285,336
3286,336
3287,336
3288,336
3289,336
3290,336
3291,336
3292,336
3293,336
3294,564
3295,564
3296,564
3297,564
3298,564
3299,564
3300,564
3301,564
3303,267
3304,267
3305,925
3307,3306
3306,11
3309,3308
3308,3614
3310,3308
3311,3308
3312,3308
3313,3308
3314,3308
3315,3308
3317,3316
3318,3316
3320,3319
3322,3321
3323,1019
3325,3324
3327,3326
3328,3326
3329,1848
3330,1848
3330,274
3331,1848
3333,3332
3334,3332
3335,3332
3336,2614
3338,3337
3339,3337
3340,3337
3341,3337
3342,3337
3343,3337
3345,3344
3347,3346
3348,488
3349,488
3350,488
3351,488
3352,488
3354,3353
3355,3353
3356,3353
3357,3353
3358,3353
3360,3359
3361,3359
3362,3359
3364,2453
3365,2453
3367,3366
3372,3371
3373,1937
3375,3374
3375,62
3376,3374
3377,938
3377,3378
3378,938
3380,3379
3382,3381
3383,3381
3385,2753
3386,1060
3387,1060
3389,3388
3391,3390
3392,3390
3394,3393
3395,1386
3396,337
3397,337
3400,3399
3401,1486
3402,1486
3403,1486
3404,1486
3405,1486
3406,1486
3407,1486
3408,1486
3409,1486
3410,1486
3411,1486
3412,1486
3413,1486
3414,936
3415,936
3416,936
3417,936
3418,936
3420,291
3421,291
3422,592
3423,592
3424,592
3425,592
3426,592
3427,1142
3430,3429
3431,3429
3432,3429
3433,10
3434,10
3435,10
3436,10
3437,10
3439,3438
3438,3614
3440,1079
3441,1079
3442,1079
3443,1372
3444,1372
3445,1372
3446,1372
3449,3448
3451,3450
3452,882
3452,3794
3453,882
3454,882
3455,882
3456,882
3457,2025
3458,2025
3459,2025
3460,2025
3461,2025
3462,2025
3463,1164
3464,357
3465,357
3466,357
3467,357
3468,130
3469,130
3470,1369
3472,3471
3473,3471
3474,3471
3475,3471
3476,3471
3477,3471
3478,3471
3479,3471
3480,61
3480,3487
3481,61
3481,3487
3482,61
3483,61
3483,1240
3484,61
3485,61
3486,61
3487,61
3487,462
3488,61
3488,3487
3489,61
3490,61
3491,61
3492,61
3493,462
3494,462
3494,62
3495,462
3496,462
3497,462
3498,462
3499,462
3500,462
3501,462
3501,3505
3502,462
3503,462
3504,462
3506,3505
3507,3505
3508,3505
3509,3505
3510,3487
3511,3487
3512,3487
3513,3487
3514,3487
3515,3487
3516,2444
3517,2444
3519,3518
3521,3520
3522,3520
3523,3520
3524,3520
3524,3794
3525,2716
3527,3526
3527,1240
3529,3488
3530,3488
3532,3531
3534,3533
3535,1334
3536,1334
3537,234
3538,234
3539,234
3541,3540
3542,3540
3543,3540
3544,3540
3545,3540
3546,3540
3547,3540
3550,3190
3551,53
3553,3552
3554,722
3555,722
3556,722
3557,722
3559,3558
3560,2771
3561,2771
3562,2771
3563,2771
3564,2771
3565,2771
3566,3293
3567,3293
3568,3293
3570,3569
3571,3569
3572,157
3572,1810
3573,157
3574,157
3575,1387
3576,1387
3577,1387
3578,81
3579,81
3579,883
3580,81
3581,81
3582,81
3583,81
3584,81
3585,81
3586,81
3587,81
3588,81
3589,81
3590,81
3590,3794
3591,81
3593,3592
3594,1853
3595,1853
3596,1853
3597,1853
3598,1853
3599,1853
3601,3600
3602,3600
3603,3600
3604,2418
3605,2795
3606,2795
3607,2795
3608,2795
3609,2795
3610,2795
3611,11
3612,11
3613,11
3615,3614
3616,3614
3617,3614
3618,3614
3619,2262
3621,3620
3622,62
3623,62
3624,62
3625,62
3626,62
3627,62
3628,62
3629,62
3630,62
3631,62
3632,1471
3633,1471
3635,1487
3636,883
3637,883
3638,883
3639,883
3641,3640
3642,3640
3643,3640
3644,348
3645,348
3646,348
3647,348
3647,1951
3649,1240
3650,1240
3651,1240
3652,1240
3653,82
3654,807
3654,3761
3655,807
3656,807
3657,807
3658,807
3659,807
3660,807
3661,807
3662,807
3663,807
3664,807
3665,807
3666,807
3667,807
3668,807
3669,807
3670,807
3671,807
3671,3761
3672,807
3673,807
3674,807
3675,807
3676,807
3677,807
3678,807
3679,807
3680,807
3681,807
3682,807
3683,807
3684,807
3686,1808
3687,1808
3688,1808
3691,3690
3692,630
3693,630
3694,88
3696,3695
3698,3697
3699,3697
3700,3697
3702,3701
3703,3701
3705,3704
3706,3704
3707,3704
3708,3704
3710,3709
3711,3709
3712,3709
3713,3709
3714,1810
3715,1810
3716,1810
3718,3717
3719,274
3721,3720
3722,3720
3723,3720
3724,3720
3726,1336
3727,1336
3729,3728
3730,3728
3733,3732
3736,3735
3737,3735
3738,3735
3739,3735
3741,3740
3742,3740
3743,3740
3744,3740
3746,3745
3747,3745
3748,3146
3749,3146
3750,274
3751,274
3752,274
3753,274
3756,3755
3757,3755
3759,3758
3760,1241
3762,3761
3763,3761
3764,3761
3765,3761
3766,3761
3767,3761
3768,3761
3769,3761
3770,3761
3771,3383
3772,3503
3774,3773
3776,3775
3777,1817
3778,2475
3779,2475
3781,3780
3782,3780
3783,3780
3784,3780
3785,3780
3786,3780
3790,3789
3792,3791
3793,3791
3795,3794
3796,3794
3797,3794
3798,3794
3799,3794
3800,3794
3801,3794
3802,3794
3803,3794
3804,3794
3805,3794
3806,3794
3807,3794
3809,3808
3810,3808
3812,3811
3813,3811
3814,3811
3815,3811
3816,3811
3817,3811
3818,3811
3819,3811
3820,3811
3821,3811
3822,3811
3823,3811
3824,3811
3825,3811
3826,3811
3827,3811
3828,3811
3829,3811
3830,3811
3831,3811
3832,3811
3833,3811
3834,3811
3835,3811
3836,3811
3837,3811
3838,3811
3839,3811
3840,3811
3841,3811
3842,3811
3844,3843
3845,3843
3846,3843
3848,3847
3849,3847
3850,3847
3852,3851
3853,3851
3855,3854
3856,3854
3857,3854
3859,3858
3860,3858
3861,3858
3862,3858
3863,3858
3864,3858
3865,3858
3867,3866
3868,3866
3869,3866
3870,3866
3871,3866
3872,3866
3873,3866
3874,3866
3875,3866
3876,3866
3878,3877
3880,3879
3881,3879
3883,3882
3885,3884
3887,3886
3888,3886
3890,3889
3891,3889
