id,ni,nj,nk,disruption,in,out,filosofo
0,0.0,1.0,12.0,-0.07692307692307693,1.0,0.0,Camille_Moubarak
1,11.0,1.0,0.0,0.8333333333333334,12.0,14.0,Jürgen_Habermas
2,4.0,5.0,12.0,-0.047619047619047616,9.0,1.0,Carl_Gustav_Hempel
3,11.0,1.0,11.0,0.43478260869565216,12.0,2.0,Robert_Nozick
4,1.0,0.0,12.0,0.07692307692307693,1.0,1.0,Peter_Achinstein
6,1.0,0.0,12.0,0.07692307692307693,1.0,2.0,Jaegwon_Kim
10,5.0,0.0,12.0,0.29411764705882354,5.0,2.0,Philip_Kitcher
11,6.0,6.0,12.0,0.0,12.0,3.0,Nelson_Goodman
12,27.0,9.0,12.0,0.375,36.0,8.0,Carl_Schmitt
15,1.0,0.0,12.0,0.07692307692307693,1.0,2.0,Paul_Gottfried
20,1.0,0.0,12.0,0.07692307692307693,1.0,5.0,Antonio_Negri
21,75.0,19.0,12.0,0.5283018867924528,94.0,21.0,Leo_Strauss
24,9.0,5.0,12.0,0.15384615384615385,14.0,12.0,Walter_Benjamin
29,1.0,1.0,12.0,0.0,2.0,5.0,Alain_de_Benoist
30,3.0,0.0,12.0,0.2,3.0,5.0,Aleksandr_Dugin
34,1.0,2.0,12.0,-0.06666666666666667,3.0,1.0,Jacob_Taubes
35,12.0,6.0,12.0,0.2,18.0,23.0,Jacques_Derrida
48,2.0,5.0,12.0,-0.15789473684210525,7.0,3.0,Carl_Stumpf
50,5.0,4.0,12.0,0.047619047619047616,9.0,4.0,Max_Scheler
51,0.0,2.0,12.0,-0.14285714285714285,2.0,5.0,George_Stout
52,20.0,21.0,12.0,-0.018867924528301886,41.0,15.0,Edmund_Husserl
53,2.0,1.0,12.0,0.06666666666666667,3.0,1.0,Kurt_Koffka
55,0.0,1.0,12.0,-0.07692307692307693,1.0,1.0,Wolfgang_Köhler
56,1.0,0.0,12.0,0.07692307692307693,1.0,0.0,Carl_Vogt
58,1.0,3.0,12.0,-0.125,4.0,0.0,Ammonius_Saccas
59,2.0,0.0,12.0,0.14285714285714285,2.0,1.0,Hypatia
61,17.0,7.0,12.0,0.2777777777777778,24.0,3.0,Plotinus
62,17.0,1.0,12.0,0.5333333333333333,18.0,3.0,Origen
63,3.0,1.0,12.0,0.125,4.0,0.0,Bayazid_Bastami
64,19.0,0.0,12.0,0.6129032258064516,19.0,4.0,Muhammad_Iqbal
68,3.0,2.0,12.0,0.058823529411764705,5.0,1.0,Protagoras
70,1.0,0.0,12.0,0.07692307692307693,1.0,31.0,Friedrich_Nietzsche
71,8.0,4.0,12.0,0.16666666666666666,12.0,4.0,Jeremy_Bentham
74,3.0,6.0,12.0,-0.14285714285714285,9.0,2.0,Pyrrho
75,1.0,6.0,12.0,-0.2631578947368421,7.0,3.0,Arcesilaus
76,8.0,11.0,12.0,-0.0967741935483871,19.0,4.0,Epicurus
78,0.0,2.0,12.0,-0.14285714285714285,2.0,2.0,Timon_of_Phlius
80,0.0,3.0,12.0,-0.2,3.0,3.0,Aenesidemus
81,27.0,11.0,12.0,0.32,38.0,3.0,Michel_de_Montaigne
82,2.0,5.0,12.0,-0.15789473684210525,7.0,5.0,Sextus_Empiricus
84,3.0,2.0,12.0,0.058823529411764705,5.0,2.0,Pythagoras
85,1.0,1.0,12.0,0.0,2.0,3.0,Empedocles
88,1.0,5.0,12.0,-0.2222222222222222,6.0,2.0,Xenophanes
89,4.0,3.0,12.0,0.05263157894736842,7.0,0.0,Pāṇini
90,7.0,6.0,12.0,0.04,13.0,3.0,Roman_Jakobson
92,2.0,1.0,12.0,0.06666666666666667,3.0,2.0,Franz_Bopp
95,12.0,11.0,12.0,0.02857142857142857,23.0,2.0,Ferdinand_de_Saussure
97,1.0,0.0,12.0,0.07692307692307693,1.0,1.0,Qalandar_Baba_Auliya
100,1.0,0.0,12.0,0.07692307692307693,1.0,1.0,David_Schmidtz
111,1.0,0.0,12.0,0.07692307692307693,1.0,1.0,Roberto_Mangabeira_Unger
113,5.0,5.0,12.0,0.0,10.0,3.0,Roderick_Chisholm
114,1.0,0.0,12.0,0.07692307692307693,1.0,1.0,Richard_Taylor_(philosopher)
118,1.0,1.0,12.0,0.0,2.0,1.0,Edmund_Gettier
119,2.0,0.0,12.0,0.14285714285714285,2.0,2.0,Ernest_Sosa
122,1.0,0.0,12.0,0.07692307692307693,1.0,1.0,Peter_D._Klein
123,5.0,3.0,12.0,0.1,8.0,1.0,Rodrigo_de_Arriaga
125,11.0,10.0,12.0,0.030303030303030304,21.0,7.0,René_Descartes
126,17.0,11.0,12.0,0.15,28.0,9.0,Gottfried_Wilhelm_Leibniz
130,10.0,5.0,12.0,0.18518518518518517,15.0,4.0,Pierre_Gassendi
132,4.0,0.0,12.0,0.25,4.0,2.0,Roger_Bacon
137,2.0,0.0,12.0,0.14285714285714285,2.0,1.0,Roger_Crisp
140,0.0,1.0,12.0,-0.07692307692307693,1.0,5.0,Roland_Barthes
141,0.0,2.0,12.0,-0.14285714285714285,2.0,7.0,Jean_Baudrillard
142,3.0,1.0,12.0,0.125,4.0,1.0,Rom_Harré
143,2.0,0.0,12.0,0.14285714285714285,2.0,1.0,Roy_Bhaskar
149,1.0,1.0,12.0,0.0,2.0,9.0,Paul_Ricœur
150,4.0,6.0,12.0,-0.09090909090909091,10.0,2.0,Claude_Lévi-Strauss
151,1.0,0.0,12.0,0.07692307692307693,1.0,13.0,Giorgio_Agamben
155,7.0,5.0,12.0,0.08333333333333333,12.0,9.0,Jacques_Lacan
157,4.0,8.0,12.0,-0.16666666666666666,12.0,16.0,Michel_Foucault
159,3.0,0.0,12.0,0.2,3.0,0.0,Ronald_Dworkin
164,1.0,3.0,12.0,-0.125,4.0,5.0,Rudolf_Carnap
165,1.0,4.0,12.0,-0.17647058823529413,5.0,9.0,Thomas_Kuhn
166,7.0,5.0,12.0,0.08333333333333333,12.0,2.0,Willard_Van_Orman_Quine
168,3.0,1.0,12.0,0.125,4.0,1.0,Rudolf_Christoph_Eucken
172,3.0,0.0,12.0,0.2,3.0,0.0,Rudolf_Sutermeister
176,1.0,0.0,12.0,0.07692307692307693,1.0,0.0,Rudolf_von_Jhering
178,1.0,0.0,12.0,0.07692307692307693,1.0,0.0,Sam_C._Sarkesian
180,1.0,2.0,12.0,-0.06666666666666667,3.0,1.0,Samuel_Alexander
182,14.0,10.0,11.0,0.11428571428571428,24.0,4.0,Alfred_North_Whitehead
183,5.0,2.0,12.0,0.15789473684210525,7.0,2.0,John_Anderson_(philosopher)
184,3.0,0.0,12.0,0.2,3.0,0.0,Samuel_Edward_Konkin_III
188,4.0,3.0,12.0,0.05263157894736842,7.0,2.0,Samuel_von_Pufendorf
189,6.0,3.0,12.0,0.14285714285714285,9.0,6.0,Denis_Diderot
191,22.0,15.0,12.0,0.14285714285714285,37.0,13.0,Jean-Jacques_Rousseau
193,4.0,5.0,12.0,-0.047619047619047616,9.0,10.0,John_Locke
196,2.0,0.0,12.0,0.14285714285714285,2.0,2.0,Sandra_Laugier
199,1.0,0.0,12.0,0.07692307692307693,1.0,3.0,Saul_Kripke
201,8.0,0.0,12.0,0.4,8.0,0.0,Scipione_Ammirato
210,1.0,1.0,12.0,0.0,2.0,1.0,Quentin_Meillassoux
211,1.0,0.0,12.0,0.07692307692307693,1.0,6.0,Ray_Brassier
212,2.0,0.0,12.0,0.14285714285714285,2.0,0.0,Suisheng_Zhao
215,13.0,10.0,12.0,0.08571428571428572,23.0,1.0,Baron_d'Holbach
218,14.0,16.0,12.0,-0.047619047619047616,30.0,18.0,David_Hume
219,15.0,4.0,12.0,0.3548387096774194,19.0,8.0,Peter_Kropotkin
223,4.0,0.0,12.0,0.25,4.0,8.0,Emma_Goldman
227,6.0,1.0,12.0,0.2631578947368421,7.0,5.0,William_Godwin
228,24.0,4.0,12.0,0.5,28.0,10.0,Adam_Smith
229,1.0,1.0,12.0,0.0,2.0,2.0,Adam_Weishaupt
234,8.0,17.0,12.0,-0.24324324324324326,25.0,13.0,Immanuel_Kant
236,5.0,7.0,12.0,-0.08333333333333333,12.0,10.0,Baruch_Spinoza
239,4.0,0.0,12.0,0.25,4.0,3.0,George_Santayana
240,2.0,7.0,12.0,-0.23809523809523808,9.0,20.0,Gilles_Deleuze
242,1.0,0.0,12.0,0.07692307692307693,1.0,11.0,Louis_Althusser
243,82.0,40.0,11.0,0.3157894736842105,122.0,10.0,Ludwig_Wittgenstein
246,37.0,16.0,12.0,0.3230769230769231,53.0,15.0,Arthur_Schopenhauer
247,4.0,2.0,12.0,0.1111111111111111,6.0,2.0,Bas_van_Fraassen
251,14.0,0.0,12.0,0.5384615384615384,14.0,4.0,Alvin_Plantinga
252,1.0,0.0,12.0,0.07692307692307693,1.0,1.0,Arthur_Fine
254,7.0,2.0,12.0,0.23809523809523808,9.0,3.0,Benjamin_Tucker
256,1.0,1.0,12.0,0.0,2.0,5.0,Robert_Anton_Wilson
260,4.0,0.0,12.0,0.25,4.0,3.0,Émile_Armand
264,2.0,2.0,12.0,0.0,4.0,1.0,Benno_Kerry
267,2.0,1.0,12.0,0.06666666666666667,3.0,3.0,Kazimierz_Twardowski
268,4.0,7.0,12.0,-0.13043478260869565,11.0,1.0,Bernard_Bolzano
269,5.0,8.0,12.0,-0.12,13.0,3.0,Franz_Brentano
272,0.0,5.0,12.0,-0.29411764705882354,5.0,2.0,Jean_Cavaillès
274,7.0,8.0,12.0,-0.037037037037037035,15.0,5.0,Gilbert_Ryle
275,2.0,0.0,12.0,0.14285714285714285,2.0,1.0,Bernard_Gert
278,1.0,0.0,12.0,0.07692307692307693,1.0,0.0,Bernard_Loomer
280,2.0,2.0,12.0,0.0,4.0,1.0,Bernard_Mandeville
282,1.0,3.0,12.0,-0.125,4.0,1.0,Jean-François_Melon
284,1.0,0.0,12.0,0.07692307692307693,1.0,5.0,Bernard_Stiegler
286,5.0,2.0,12.0,0.15789473684210525,7.0,4.0,Bernard_Williams
288,23.0,7.0,11.0,0.3902439024390244,30.0,6.0,Stanley_Cavell
291,5.0,0.0,12.0,0.29411764705882354,5.0,4.0,Martha_Nussbaum
294,43.0,17.0,12.0,0.3611111111111111,60.0,16.0,Bertrand_Russell
300,4.0,0.0,12.0,0.25,4.0,2.0,Paul_Kurtz
303,5.0,0.0,12.0,0.29411764705882354,5.0,5.0,Christopher_Hitchens
305,6.0,1.0,12.0,0.2631578947368421,7.0,5.0,Edward_Said
309,4.0,3.0,12.0,0.05263157894736842,7.0,2.0,Moritz_Schlick
311,2.0,2.0,12.0,0.0,4.0,2.0,Sidney_Hook
318,5.0,0.0,12.0,0.29411764705882354,5.0,3.0,A._J._Ayer
323,4.0,0.0,12.0,0.25,4.0,6.0,Daniel_Dennett
329,8.0,1.0,12.0,0.3333333333333333,9.0,4.0,Isaiah_Berlin
330,2.0,7.0,12.0,-0.23809523809523808,9.0,3.0,J._L._Austin
336,18.0,6.0,12.0,0.3333333333333333,24.0,7.0,Karl_Popper
337,5.0,5.0,12.0,0.0,10.0,7.0,Donald_Davidson_(philosopher)
340,0.0,1.0,12.0,-0.07692307692307693,1.0,2.0,Kurt_Grelling
347,0.0,1.0,12.0,-0.07692307692307693,1.0,1.0,Bertrand_de_Jouvenel
348,7.0,3.0,12.0,0.18181818181818182,10.0,7.0,Raymond_Aron
349,3.0,6.0,12.0,-0.14285714285714285,9.0,2.0,Blaise_Pascal
350,14.0,4.0,12.0,0.3333333333333333,18.0,4.0,Georges_Sorel
352,0.0,5.0,12.0,-0.29411764705882354,5.0,2.0,Léon_Brunschvicg
353,12.0,10.0,12.0,0.058823529411764705,22.0,15.0,William_James
356,16.0,14.0,12.0,0.047619047619047616,30.0,7.0,Henri_Bergson
357,4.0,1.0,12.0,0.17647058823529413,5.0,1.0,Pierre_Duhem
358,4.0,0.0,12.0,0.25,4.0,6.0,Bob_Black
363,1.0,0.0,12.0,0.07692307692307693,1.0,0.0,Bolívar_Echeverría
365,2.0,0.0,12.0,0.14285714285714285,2.0,3.0,Brand_Blanshard
368,1.0,0.0,12.0,0.07692307692307693,1.0,0.0,David_B._Zilberman
370,3.0,0.0,12.0,0.2,3.0,0.0,David_Chalmers
374,3.0,0.0,12.0,0.2,3.0,0.0,David_Gauthier
377,2.0,2.0,12.0,0.0,4.0,1.0,David_Hartley_(philosopher)
380,1.0,2.0,12.0,-0.06666666666666667,3.0,1.0,James_Mill
385,12.0,5.0,12.0,0.2413793103448276,17.0,4.0,Thomas_Paine
386,11.0,9.0,12.0,0.0625,20.0,1.0,Thomas_Reid
387,1.0,0.0,12.0,0.07692307692307693,1.0,1.0,Simon_Blackburn
391,4.0,0.0,12.0,0.25,4.0,2.0,J._L._Mackie
393,1.0,0.0,12.0,0.07692307692307693,1.0,2.0,Jerry_Fodor
394,3.0,7.0,12.0,-0.18181818181818182,10.0,2.0,Johann_Georg_Hamann
395,2.0,1.0,12.0,0.06666666666666667,3.0,0.0,David_Kaplan_(philosopher)
396,1.0,0.0,12.0,0.07692307692307693,1.0,2.0,John_Perry_(philosopher)
398,11.0,0.0,12.0,0.4782608695652174,11.0,4.0,David_Lewis_(philosopher)
409,1.0,0.0,12.0,0.07692307692307693,1.0,0.0,David_Lyons_(philosopher)
411,1.0,0.0,12.0,0.07692307692307693,1.0,1.0,David_Papineau
412,14.0,0.0,12.0,0.5384615384615384,14.0,0.0,David_R._Mayhew
428,2.0,0.0,12.0,0.14285714285714285,2.0,2.0,David_Stove
431,1.0,0.0,12.0,0.07692307692307693,1.0,1.0,Debiprasad_Chattopadhyaya
433,1.0,3.0,12.0,-0.125,4.0,3.0,Democritus
434,8.0,6.0,12.0,0.07692307692307693,14.0,3.0,Lucretius
436,5.0,2.0,12.0,0.15789473684210525,7.0,1.0,Étienne_Bonnot_de_Condillac
437,13.0,4.0,12.0,0.3103448275862069,17.0,5.0,Auguste_Comte
442,1.0,0.0,12.0,0.07692307692307693,1.0,0.0,Denise_Paulme
444,7.0,1.0,12.0,0.3,8.0,4.0,Derek_Parfit
447,12.0,2.0,12.0,0.38461538461538464,14.0,4.0,Peter_Singer
453,1.0,0.0,12.0,0.07692307692307693,1.0,0.0,Ali_ibn_al-Madini
455,1.0,0.0,12.0,0.07692307692307693,1.0,0.0,Alison_Jaggar
457,1.0,0.0,12.0,0.07692307692307693,1.0,7.0,Cicero
458,0.0,2.0,12.0,-0.14285714285714285,2.0,2.0,Clitomachus_(philosopher)
460,5.0,0.0,12.0,0.29411764705882354,5.0,4.0,Favorinus
461,0.0,2.0,12.0,-0.14285714285714285,2.0,3.0,Philo_of_Larissa
462,17.0,6.0,12.0,0.3142857142857143,23.0,5.0,Plutarch
463,0.0,3.0,12.0,-0.2,3.0,1.0,Carneades
464,2.0,0.0,12.0,0.14285714285714285,2.0,0.0,Archytas
467,1.0,0.0,12.0,0.07692307692307693,1.0,0.0,Arethas_of_Caesarea
469,3.0,1.0,12.0,0.125,4.0,0.0,Hong_Daeyong
471,4.0,0.0,12.0,0.25,4.0,1.0,Bak_Jiwon_(born_1737)
474,9.0,2.0,12.0,0.30434782608695654,11.0,2.0,Hubert_Dreyfus
476,10.0,3.0,12.0,0.28,13.0,12.0,Richard_Rorty
479,22.0,1.0,9.0,0.65625,23.0,6.0,Charles_Taylor_(philosopher)
485,3.0,1.0,12.0,0.125,4.0,2.0,Hugh_of_Saint_Victor
488,19.0,14.0,12.0,0.1111111111111111,33.0,8.0,Søren_Kierkegaard
493,35.0,1.0,12.0,0.7083333333333334,36.0,1.0,John_Ruskin
506,6.0,0.0,12.0,0.3333333333333333,6.0,2.0,George_Fitzhugh
530,11.0,10.0,12.0,0.030303030303030304,21.0,1.0,John_Selden
531,18.0,14.0,12.0,0.09090909090909091,32.0,6.0,Giambattista_Vico
533,11.0,3.0,12.0,0.3076923076923077,14.0,7.0,Montesquieu
534,3.0,0.0,12.0,0.2,3.0,6.0,Thomas_Hobbes
539,1.0,0.0,12.0,0.07692307692307693,1.0,1.0,John_Watson_(philosopher)
541,6.0,0.0,12.0,0.3333333333333333,6.0,1.0,John_Wycliffe
548,3.0,1.0,12.0,0.125,4.0,4.0,John_Zerzan
552,1.0,0.0,12.0,0.07692307692307693,1.0,1.0,Jonathan_Dancy
553,1.0,0.0,12.0,0.07692307692307693,1.0,0.0,Josef_Breuer
554,3.0,0.0,12.0,0.2,3.0,2.0,Josef_Pieper
558,3.0,1.0,12.0,0.125,4.0,0.0,Joseph_Dietzgen
561,9.0,1.0,12.0,0.36363636363636365,10.0,2.0,Karl_Kautsky
562,2.0,1.0,12.0,0.06666666666666667,3.0,0.0,Joseph_Maréchal
564,8.0,0.0,12.0,0.4,8.0,4.0,Karl_Rahner
566,27.0,12.0,12.0,0.29411764705882354,39.0,3.0,Joseph_de_Maistre
567,3.0,4.0,12.0,-0.05263157894736842,7.0,3.0,Juan_Donoso_Cortés
569,4.0,1.0,12.0,0.17647058823529413,5.0,9.0,Julius_Evola
571,17.0,5.0,12.0,0.35294117647058826,22.0,2.0,René_Guénon
573,11.0,0.0,12.0,0.4782608695652174,11.0,3.0,Russell_Kirk
577,3.0,1.0,12.0,0.125,4.0,2.0,Monaldo_Leopardi
580,11.0,7.0,12.0,0.13333333333333333,18.0,1.0,Louis_de_Bonald
585,9.0,2.0,12.0,0.30434782608695654,11.0,2.0,Henri_de_Saint-Simon
589,21.0,1.0,12.0,0.5882352941176471,22.0,4.0,Charles_Maurras
590,6.0,1.0,11.0,0.2777777777777778,7.0,1.0,Karl_Ludwig_von_Haller
592,12.0,26.0,12.0,-0.28,38.0,22.0,Martin_Heidegger
598,8.0,4.0,12.0,0.16666666666666666,12.0,5.0,Josiah_Royce
600,3.0,3.0,12.0,0.0,6.0,8.0,Gabriel_Marcel
601,4.0,3.0,12.0,0.05263157894736842,7.0,1.0,George_Herbert_Mead
602,1.0,1.0,12.0,0.0,2.0,2.0,Morris_Raphael_Cohen
609,4.0,0.0,12.0,0.25,4.0,1.0,José_Carlos_Mariátegui
613,0.0,1.0,12.0,-0.07692307692307693,1.0,0.0,José_Ferrater_Mora
614,1.0,0.0,12.0,0.07692307692307693,1.0,1.0,Oscar_Horta
615,1.0,0.0,12.0,0.07692307692307693,1.0,0.0,José_Manuel_Briceño_Guerrero
617,12.0,3.0,12.0,0.3333333333333333,15.0,4.0,José_Ortega_y_Gasset
623,3.0,0.0,12.0,0.2,3.0,4.0,Graham_Harman
630,4.0,1.0,12.0,0.17647058823529413,5.0,4.0,Xavier_Zubiri
632,19.0,0.0,12.0,0.6129032258064516,19.0,1.0,Juan_Bautista_Alberdi
652,1.0,0.0,12.0,0.07692307692307693,1.0,0.0,Juan_Carlos_Portantiero
654,5.0,0.0,12.0,0.29411764705882354,5.0,1.0,Nicolás_Gómez_Dávila
655,1.0,0.0,12.0,0.07692307692307693,1.0,1.0,Juan_Vázquez_de_Mella
656,1.0,0.0,12.0,0.07692307692307693,1.0,1.0,Plinio_Corrêa_de_Oliveira
659,8.0,0.0,12.0,0.4,8.0,7.0,Judith_Butler
668,0.0,3.0,12.0,-0.2,3.0,1.0,Jules_Lequier
669,3.0,0.0,12.0,0.2,3.0,1.0,Charles_Hartshorne
670,3.0,2.0,12.0,0.058823529411764705,5.0,1.0,Charles_Renouvier
671,1.0,0.0,12.0,0.07692307692307693,1.0,1.0,Jules_Michelet
673,2.0,0.0,12.0,0.14285714285714285,2.0,5.0,Jules_Vuillemin
676,2.0,0.0,12.0,0.14285714285714285,2.0,0.0,Julien_Offray_de_La_Mettrie
678,1.0,1.0,12.0,0.0,2.0,2.0,Julius_Bahnsen
682,1.0,0.0,12.0,0.07692307692307693,1.0,1.0,Patrick_Suppes
684,5.0,0.0,12.0,0.29411764705882354,5.0,0.0,Paul_Benacerraf
687,1.0,1.0,12.0,0.0,2.0,1.0,Paul_Churchland
689,0.0,1.0,12.0,-0.07692307692307693,1.0,5.0,Paul_Feyerabend
690,0.0,1.0,12.0,-0.07692307692307693,1.0,5.0,Imre_Lakatos
692,0.0,1.0,12.0,-0.07692307692307693,1.0,0.0,Paul_Grice
693,8.0,3.0,12.0,0.21739130434782608,11.0,3.0,P._F._Strawson
698,1.0,0.0,12.0,0.07692307692307693,1.0,0.0,Paul_Thagard
700,0.0,1.0,12.0,-0.07692307692307693,1.0,1.0,Paul_Virilio
701,2.0,0.0,12.0,0.14285714285714285,2.0,0.0,Paul_of_Venice
704,2.0,1.0,12.0,0.06666666666666667,3.0,2.0,Peter_Abelard
705,8.0,6.0,12.0,0.07692307692307693,14.0,3.0,William_of_Ockham
709,1.0,0.0,12.0,0.07692307692307693,1.0,0.0,Peter_Carruthers_(philosopher)
711,4.0,0.0,12.0,0.25,4.0,0.0,Peter_G._Ossorio
716,3.0,3.0,12.0,0.0,6.0,1.0,Peter_Geach
718,6.0,7.0,12.0,-0.04,13.0,2.0,G._E._M._Anscombe
721,5.0,0.0,12.0,0.29411764705882354,5.0,5.0,Alasdair_MacIntyre
722,8.0,1.0,12.0,0.3333333333333333,9.0,7.0,Michael_Dummett
723,3.0,0.0,12.0,0.2,3.0,2.0,Peter_Hacker
731,5.0,0.0,12.0,0.29411764705882354,5.0,3.0,Murray_Bookchin
733,10.0,2.0,12.0,0.3333333333333333,12.0,13.0,Slavoj_Žižek
741,2.0,0.0,12.0,0.14285714285714285,2.0,1.0,Peter_Lamborn_Wilson
744,1.0,0.0,12.0,0.07692307692307693,1.0,1.0,Peter_Ludlow
746,5.0,0.0,12.0,0.29411764705882354,5.0,2.0,Peter_Rollins
759,1.0,0.0,12.0,0.07692307692307693,1.0,1.0,Toby_Ord
763,3.0,1.0,12.0,0.125,4.0,2.0,Peter_Sloterdijk
765,0.0,2.0,12.0,-0.14285714285714285,2.0,8.0,Bruno_Latour
768,2.0,2.0,12.0,0.0,4.0,0.0,Peter_Struve
770,7.0,4.0,12.0,0.13043478260869565,11.0,3.0,Nikolai_Berdyaev
771,0.0,1.0,12.0,-0.07692307692307693,1.0,3.0,Semyon_Frank
773,2.0,0.0,12.0,0.14285714285714285,2.0,1.0,Peter_Wessel_Zapffe
776,4.0,0.0,12.0,0.25,4.0,1.0,Petr_Chelčický
780,0.0,1.0,12.0,-0.07692307692307693,1.0,0.0,Petrus_Ramus
781,0.0,1.0,12.0,-0.07692307692307693,1.0,3.0,Jean_Bodin
782,2.0,1.0,12.0,0.06666666666666667,3.0,2.0,Renzo_Novatore
783,3.0,4.0,12.0,-0.05263157894736842,7.0,4.0,Antonio_Gramsci
787,6.0,7.0,12.0,-0.04,13.0,2.0,Nicolas_Malebranche
800,1.0,2.0,12.0,-0.06666666666666667,3.0,1.0,Ananda_Coomaraswamy
807,36.0,1.0,12.0,0.7142857142857143,37.0,4.0,Seyyed_Hossein_Nasr
809,2.0,0.0,12.0,0.14285714285714285,2.0,0.0,Reza_Davari_Ardakani
812,4.0,1.0,12.0,0.17647058823529413,5.0,0.0,Richard_Avenarius
817,4.0,0.0,12.0,0.25,4.0,0.0,Richard_Boyd
819,2.0,0.0,12.0,0.14285714285714285,2.0,0.0,Richard_Brandt
821,1.0,0.0,12.0,0.07692307692307693,1.0,0.0,Richard_Cantillon
823,1.0,0.0,12.0,0.07692307692307693,1.0,0.0,Richard_Popkin
827,3.0,0.0,12.0,0.2,3.0,6.0,Robert_Brandom
830,4.0,1.0,12.0,0.17647058823529413,5.0,3.0,Gianni_Vattimo
834,7.0,8.0,10.0,-0.04,15.0,9.0,John_McDowell
837,1.0,0.0,12.0,0.07692307692307693,1.0,1.0,Richard_Sylvan
839,2.0,0.0,11.0,0.15384615384615385,2.0,0.0,Richard_Tarnas
843,2.0,0.0,12.0,0.14285714285714285,2.0,0.0,Richard_Thomas_Alexander
846,1.0,0.0,12.0,0.07692307692307693,1.0,0.0,Rigas_Feraios
849,4.0,4.0,11.0,0.0,8.0,3.0,Robert_B._Pippin
851,4.0,0.0,8.0,0.3333333333333333,4.0,5.0,Axel_Honneth
852,0.0,2.0,12.0,-0.14285714285714285,2.0,1.0,Terry_Pinkard
858,2.0,3.0,12.0,-0.058823529411764705,5.0,0.0,Robert_Filmer
860,0.0,1.0,12.0,-0.07692307692307693,1.0,1.0,James_Tyrrell_(writer)
861,1.0,0.0,12.0,0.07692307692307693,1.0,2.0,Robert_Gilpin
863,1.0,0.0,12.0,0.07692307692307693,1.0,3.0,Umberto_Eco
865,1.0,0.0,12.0,0.07692307692307693,1.0,0.0,Upasani_Maharaj
867,2.0,1.0,12.0,0.06666666666666667,3.0,0.0,Valerianus_Magnus
869,3.0,0.0,12.0,0.2,3.0,0.0,Vasile_Pogor
873,10.0,2.0,12.0,0.3333333333333333,12.0,5.0,Victor_Cousin
882,8.0,6.0,12.0,0.07692307692307693,14.0,6.0,Pierre-Joseph_Proudhon
883,13.0,7.0,12.0,0.1875,20.0,2.0,Ralph_Waldo_Emerson
886,0.0,1.0,12.0,-0.07692307692307693,1.0,1.0,Victor_Prosper_Considerant
887,9.0,8.0,12.0,0.034482758620689655,17.0,1.0,Charles_Fourier
888,2.0,2.0,12.0,0.0,4.0,1.0,"Victoria,_Lady_Welby"
889,1.0,0.0,12.0,0.07692307692307693,1.0,1.0,Charles_Kay_Ogden
890,7.0,7.0,12.0,0.0,14.0,8.0,Charles_Sanders_Peirce
893,3.0,2.0,12.0,0.058823529411764705,5.0,1.0,Vladimir_Jankélévitch
894,12.0,6.0,12.0,0.2,18.0,10.0,Emmanuel_Levinas
898,6.0,3.0,12.0,0.14285714285714285,9.0,2.0,Vladimir_Solovyov_(philosopher)
900,2.0,0.0,12.0,0.14285714285714285,2.0,1.0,Lev_Karsavin
902,5.0,11.0,12.0,-0.21428571428571427,16.0,3.0,Alexandre_Kojève
907,2.0,0.0,12.0,0.14285714285714285,2.0,0.0,David_Blitz
910,1.0,0.0,12.0,0.07692307692307693,1.0,0.0,David_Carr_(phenomenology_scholar)
912,1.0,0.0,12.0,0.07692307692307693,1.0,1.0,Donald_A._Gillies
914,5.0,2.0,12.0,0.15789473684210525,7.0,0.0,Donald_Cary_Williams
920,2.0,0.0,12.0,0.14285714285714285,2.0,0.0,Jakob_Schegk
923,1.0,1.0,12.0,0.0,2.0,1.0,Johann_Heinrich_Alsted
925,1.0,0.0,12.0,0.07692307692307693,1.0,1.0,Kazimierz_Łyszczyński
926,2.0,0.0,12.0,0.14285714285714285,2.0,2.0,Johann_Reuchlin
929,1.0,0.0,12.0,0.07692307692307693,1.0,1.0,Johannes_Rehmke
931,4.0,2.0,12.0,0.1111111111111111,6.0,1.0,John_Argyropoulos
936,7.0,0.0,12.0,0.3684210526315789,7.0,3.0,Marsilio_Ficino
937,0.0,1.0,12.0,-0.07692307692307693,1.0,0.0,Speusippus
938,1.0,1.0,12.0,0.0,2.0,1.0,Xenocrates
939,2.0,5.0,12.0,-0.15789473684210525,7.0,1.0,Paul_Natorp
940,2.0,2.0,12.0,0.0,4.0,3.0,Ernst_Cassirer
941,6.0,6.0,11.0,0.0,12.0,9.0,Hans-Georg_Gadamer
944,2.0,0.0,12.0,0.14285714285714285,2.0,0.0,Pseudo-Dionysius_the_Areopagite__Pseudo-Dionysius_the_Areopagite__1
947,28.0,7.0,12.0,0.44680851063829785,35.0,0.0,Ramon_Llull__Ramon_Llull__1
957,2.0,2.0,12.0,0.0,4.0,2.0,Giovanni_Pico_della_Mirandola
965,9.0,3.0,12.0,0.25,12.0,5.0,Nicholas_of_Cusa
966,7.0,1.0,12.0,0.3,8.0,1.0,Paracelsus
977,28.0,5.0,11.0,0.5227272727272727,33.0,4.0,Cornelius_Castoriadis
981,3.0,0.0,12.0,0.2,3.0,2.0,Claude_Lefort
985,1.0,0.0,12.0,0.07692307692307693,1.0,4.0,Zygmunt_Bauman
994,0.0,1.0,12.0,-0.07692307692307693,1.0,7.0,Guy_Debord
1008,5.0,1.0,12.0,0.2222222222222222,6.0,1.0,Cornelius_Van_Til
1011,3.0,0.0,12.0,0.2,3.0,1.0,Greg_Bahnsen
1015,1.0,0.0,12.0,0.07692307692307693,1.0,2.0,Costanzo_Preve
1017,1.0,2.0,12.0,-0.06666666666666667,3.0,1.0,Crates_of_Athens
1019,1.0,0.0,12.0,0.07692307692307693,1.0,1.0,Bion_of_Borysthenes
1020,6.0,0.0,12.0,0.3333333333333333,6.0,3.0,Crispin_Wright
1026,4.0,0.0,12.0,0.25,4.0,0.0,Masoud_Ahmadzadeh
1031,1.0,0.0,12.0,0.07692307692307693,1.0,0.0,Matsuoka_Shoan
1033,7.0,5.0,12.0,0.08333333333333333,12.0,3.0,Maurice_Blanchot
1039,0.0,1.0,12.0,-0.07692307692307693,1.0,5.0,Jean-Luc_Nancy
1042,1.0,0.0,12.0,0.07692307692307693,1.0,3.0,Maurice_Blondel
1044,0.0,1.0,12.0,-0.07692307692307693,1.0,0.0,Maurice_Halbwachs
1045,1.0,0.0,12.0,0.07692307692307693,1.0,10.0,Maurice_Merleau-Ponty
1046,0.0,1.0,12.0,-0.07692307692307693,1.0,2.0,Max_Adler_(Marxist)
1047,1.0,0.0,12.0,0.07692307692307693,1.0,3.0,Lucien_Goldmann
1048,2.0,0.0,12.0,0.14285714285714285,2.0,2.0,Max_Black
1051,1.0,4.0,12.0,-0.17647058823529413,5.0,2.0,Max_Horkheimer
1052,4.0,0.0,12.0,0.25,4.0,2.0,Erich_Fromm
1053,7.0,3.0,12.0,0.18181818181818182,10.0,5.0,Herbert_Marcuse
1057,7.0,5.0,12.0,0.08333333333333333,12.0,4.0,Edith_Stein
1058,1.0,3.0,12.0,-0.125,4.0,2.0,Nicolai_Hartmann
1060,4.0,0.0,12.0,0.25,4.0,1.0,Dietrich_von_Hildebrand
1063,22.0,13.0,12.0,0.19148936170212766,35.0,6.0,Max_Stirner
1079,4.0,1.0,12.0,0.17647058823529413,5.0,3.0,Philipp_Mainländer
1082,3.0,0.0,12.0,0.2,3.0,0.0,Mechthild_of_Magdeburg
1086,19.0,4.0,12.0,0.42857142857142855,23.0,0.0,Meister_Eckhart
1097,1.0,0.0,12.0,0.07692307692307693,1.0,0.0,Mencius
1108,1.0,1.0,12.0,0.0,2.0,1.0,Ruth_Barcan_Marcus
1110,0.0,1.0,12.0,-0.07692307692307693,1.0,2.0,Salomon_Maimon
1111,3.0,3.0,12.0,0.0,6.0,2.0,Karl_Leonhard_Reinhold
1112,0.0,1.0,12.0,-0.07692307692307693,1.0,1.0,Cheng_Yi_(philosopher)
1113,7.0,2.0,12.0,0.23809523809523808,9.0,2.0,Zhu_Xi
1114,0.0,1.0,12.0,-0.07692307692307693,1.0,1.0,Ernst_Platner
1115,8.0,9.0,12.0,-0.034482758620689655,17.0,6.0,Johann_Gottlieb_Fichte
1116,5.0,1.0,12.0,0.2222222222222222,6.0,0.0,Lu_Jiuyuan
1117,1.0,0.0,12.0,0.07692307692307693,1.0,1.0,Mou_Zongsan
1123,1.0,0.0,12.0,0.07692307692307693,1.0,0.0,Mihály_András_Vajda
1124,1.0,0.0,12.0,0.07692307692307693,1.0,0.0,Xeniades
1126,1.0,0.0,12.0,0.07692307692307693,1.0,0.0,Chris_Harman
1128,1.0,1.0,12.0,0.0,2.0,1.0,Christian_Jakob_Kraus
1129,5.0,2.0,12.0,0.15789473684210525,7.0,3.0,Wilhelm_von_Humboldt
1131,7.0,9.0,12.0,-0.07142857142857142,16.0,2.0,Christian_Wolff_(philosopher)
1135,4.0,0.0,12.0,0.25,4.0,1.0,Emer_de_Vattel
1136,0.0,1.0,12.0,-0.07692307692307693,1.0,2.0,Georg_Friedrich_Meier
1139,2.0,2.0,12.0,0.0,4.0,2.0,Alexander_Gottlieb_Baumgarten
1141,0.0,1.0,12.0,-0.07692307692307693,1.0,1.0,Johannes_Nikolaus_Tetens
1142,1.0,2.0,12.0,-0.06666666666666667,3.0,1.0,Martin_Knutzen
1144,2.0,1.0,12.0,0.06666666666666667,3.0,1.0,Christian_von_Ehrenfels
1147,2.0,1.0,12.0,0.06666666666666667,3.0,1.0,Christine_Korsgaard
1150,1.0,3.0,12.0,-0.125,4.0,0.0,Christoph_von_Sigwart
1152,6.0,3.0,12.0,0.14285714285714285,9.0,2.0,F._H._Bradley
1156,1.0,0.0,12.0,0.07692307692307693,1.0,0.0,Claude_Adrien_Helvétius
1162,10.0,12.0,12.0,-0.058823529411764705,22.0,12.0,Jean-Paul_Sartre
1164,1.0,0.0,12.0,0.07692307692307693,1.0,9.0,Pierre_Bourdieu
1165,2.0,0.0,12.0,0.14285714285714285,2.0,2.0,Cleanthes
1168,3.0,0.0,12.0,0.2,3.0,2.0,Clement_of_Alexandria
1172,1.0,0.0,12.0,0.07692307692307693,1.0,0.0,Colin_Radford
1173,4.0,0.0,12.0,0.25,4.0,0.0,Alexander_Zinoviev
1178,2.0,2.0,12.0,0.0,4.0,1.0,Alexander_of_Aphrodisias
1179,9.0,6.0,12.0,0.1111111111111111,15.0,4.0,Maimonides
1182,1.0,0.0,12.0,0.07692307692307693,1.0,1.0,Edward_Abramowski
1184,0.0,2.0,12.0,-0.14285714285714285,2.0,0.0,Edward_Caird
1185,0.0,1.0,12.0,-0.07692307692307693,1.0,1.0,Henry_Jones_(philosopher)
1186,3.0,1.0,12.0,0.125,4.0,1.0,Edward_S._Casey
1187,1.0,0.0,12.0,0.07692307692307693,1.0,1.0,Fred_Evans_(philosopher)
1197,4.0,0.0,12.0,0.25,4.0,1.0,Edward_Shils
1202,0.0,1.0,12.0,-0.07692307692307693,1.0,0.0,Edwin_Arthur_Burtt
1203,2.0,4.0,12.0,-0.1111111111111111,6.0,3.0,Alexandre_Koyré
1204,3.0,3.0,12.0,0.0,6.0,0.0,Emanuele_Tesauro
1210,2.0,0.0,12.0,0.14285714285714285,2.0,4.0,Emil_Fackenheim
1213,2.0,2.0,12.0,0.0,4.0,1.0,Emil_Lask
1227,2.0,0.0,12.0,0.14285714285714285,2.0,1.0,Alphonso_Lingis
1232,3.0,1.0,12.0,0.125,4.0,2.0,Emmanuel_Mounier
1238,2.0,0.0,12.0,0.14285714285714285,2.0,1.0,Jun_Tsuji
1240,11.0,2.0,12.0,0.36,13.0,3.0,Seneca_the_Younger
1241,2.0,0.0,12.0,0.14285714285714285,2.0,2.0,Philodemus
1242,1.0,2.0,12.0,-0.06666666666666667,3.0,0.0,Frank_Ramsey_(mathematician)
1244,1.0,0.0,12.0,0.07692307692307693,1.0,2.0,Susan_Haack
1245,1.0,0.0,12.0,0.07692307692307693,1.0,0.0,Frank_Van_Dun
1247,1.0,0.0,12.0,0.07692307692307693,1.0,3.0,Frantz_Fanon
1250,1.0,1.0,12.0,0.0,2.0,2.0,August_Schleicher
1254,0.0,1.0,12.0,-0.07692307692307693,1.0,1.0,Anton_Marty
1256,8.0,5.0,12.0,0.12,13.0,2.0,Alexius_Meinong
1257,5.0,4.0,12.0,0.047619047619047616,9.0,2.0,Franz_Rosenzweig
1262,3.0,1.0,12.0,0.125,4.0,2.0,François_Laruelle
1266,11.0,2.0,12.0,0.36,13.0,1.0,François_Quesnay
1270,26.0,0.0,12.0,0.6842105263157895,26.0,2.0,Henry_George
1278,1.0,0.0,12.0,0.07692307692307693,1.0,0.0,Fred_Feldman
1280,2.0,0.0,12.0,0.14285714285714285,2.0,0.0,Fred_Newman_(philosopher)
1283,1.0,1.0,12.0,0.0,2.0,4.0,Fredric_Jameson
1285,3.0,6.0,12.0,-0.14285714285714285,9.0,1.0,Friedrich_Adolf_Trendelenburg
1287,0.0,2.0,12.0,-0.14285714285714285,2.0,2.0,George_Sylvester_Morris
1289,3.0,7.0,12.0,-0.18181818181818182,10.0,5.0,Wilhelm_Dilthey
1290,3.0,3.0,12.0,0.0,6.0,2.0,Hermann_Cohen
1291,1.0,2.0,12.0,-0.06666666666666667,3.0,0.0,Friedrich_Albert_Lange
1293,2.0,0.0,12.0,0.14285714285714285,2.0,1.0,Friedrich_Carl_von_Savigny
1296,3.0,0.0,12.0,0.2,3.0,2.0,Friedrich_Eduard_Beneke
1300,3.0,0.0,12.0,0.2,3.0,0.0,Friedrich_Fröbel
1302,2.0,8.0,12.0,-0.2727272727272727,10.0,1.0,Friedrich_Heinrich_Jacobi
1303,21.0,16.0,11.0,0.10416666666666667,37.0,4.0,Friedrich_Wilhelm_Joseph_Schelling
1304,6.0,5.0,12.0,0.043478260869565216,11.0,2.0,Ludwig_Feuerbach
1305,2.0,2.0,12.0,0.0,4.0,2.0,Jakob_Friedrich_Fries
1307,3.0,1.0,12.0,0.125,4.0,1.0,Friedrich_Schlegel
1311,11.0,5.0,12.0,0.21428571428571427,16.0,3.0,Friedrich_Schleiermacher
1315,0.0,1.0,12.0,-0.07692307692307693,1.0,2.0,Manfred_Frank
1328,13.0,4.0,12.0,0.3103448275862069,17.0,6.0,Eric_Voegelin
1334,2.0,2.0,12.0,0.0,4.0,3.0,Immanuel_Hermann_Fichte
1335,0.0,1.0,12.0,-0.07692307692307693,1.0,2.0,Christian_Hermann_Weisse
1336,2.0,0.0,12.0,0.14285714285714285,2.0,2.0,Iain_Hamilton_Grant
1342,3.0,0.0,12.0,0.2,3.0,1.0,Frithjof_Bergmann
1346,18.0,2.0,12.0,0.5,20.0,1.0,Frithjof_Schuon
1352,1.0,1.0,12.0,0.0,2.0,2.0,Titus_Burckhardt
1359,1.0,0.0,12.0,0.07692307692307693,1.0,2.0,Wolfgang_Smith
1360,4.0,3.0,12.0,0.05263157894736842,7.0,2.0,Félix_Guattari
1363,3.0,2.0,12.0,0.058823529411764705,5.0,4.0,Nick_Land
1366,0.0,8.0,12.0,-0.4,8.0,1.0,Félix_Ravaisson-Mollien
1367,7.0,3.0,12.0,0.18181818181818182,10.0,4.0,Louis_Lavelle
1368,1.0,0.0,12.0,0.07692307692307693,1.0,1.0,Dominique_Janicaud
1369,2.0,1.0,12.0,0.06666666666666667,3.0,3.0,Pierre_Hadot
1371,1.0,2.0,12.0,-0.06666666666666667,3.0,2.0,Iris_Murdoch
1372,4.0,2.0,12.0,0.1111111111111111,6.0,3.0,Philippa_Foot
1374,1.0,3.0,12.0,-0.125,4.0,5.0,G._E._Moore
1375,3.0,1.0,12.0,0.125,4.0,3.0,W._D._Ross
1378,0.0,3.0,12.0,-0.2,3.0,2.0,Jean_Wahl
1379,5.0,11.0,12.0,-0.21428571428571427,16.0,2.0,Gaston_Bachelard
1381,4.0,6.0,12.0,-0.09090909090909091,10.0,3.0,Georges_Canguilhem
1386,1.0,0.0,12.0,0.07692307692307693,1.0,1.0,Don_Ihde
1387,5.0,1.0,12.0,0.2222222222222222,6.0,1.0,Michel_Serres
1388,3.0,3.0,12.0,0.0,6.0,1.0,Gemistos_Plethon
1392,0.0,2.0,12.0,-0.14285714285714285,2.0,2.0,Georg_Henrik_von_Wright
1393,2.0,1.0,11.0,0.07142857142857142,3.0,2.0,Karl-Otto_Apel
1394,7.0,0.0,12.0,0.3684210526315789,7.0,1.0,Georg_Simmel
1400,1.0,0.0,12.0,0.07692307692307693,1.0,0.0,George_Campbell_(minister)
1408,14.0,0.0,12.0,0.5384615384615384,14.0,0.0,George_Gurdjieff
1425,4.0,0.0,12.0,0.25,4.0,1.0,Herbert_Blumer
1426,1.0,0.0,12.0,0.07692307692307693,1.0,7.0,John_Dewey
1428,1.0,0.0,12.0,0.07692307692307693,1.0,0.0,George_Hourani
1434,3.0,10.0,12.0,-0.28,13.0,2.0,Georges_Bataille
1437,0.0,1.0,12.0,-0.07692307692307693,1.0,7.0,Alain_Badiou
1439,4.0,1.0,12.0,0.17647058823529413,5.0,0.0,Georges_Palante
1450,2.0,1.0,12.0,0.06666666666666667,3.0,2.0,Stanisław_Brzozowski_(writer)
1456,1.0,0.0,12.0,0.07692307692307693,1.0,0.0,Georgi_Plekhanov
1457,10.0,5.0,12.0,0.18518518518518517,15.0,3.0,Gershom_Scholem
1461,7.0,3.0,12.0,0.18181818181818182,10.0,3.0,Hans_Jonas
1466,5.0,5.0,12.0,0.0,10.0,1.0,Giacomo_Leopardi
1470,2.0,1.0,12.0,0.06666666666666667,3.0,2.0,Miguel_de_Unamuno
1471,2.0,1.0,12.0,0.06666666666666667,3.0,3.0,Carlo_Michelstaedter
1486,20.0,2.0,12.0,0.5294117647058824,22.0,3.0,Marshall_McLuhan
1487,2.0,2.0,12.0,0.0,4.0,3.0,R._G._Collingwood
1491,1.0,4.0,12.0,-0.17647058823529413,5.0,0.0,Gilbert_Simondon
1493,40.0,7.0,12.0,0.559322033898305,47.0,5.0,Jacques_Ellul
1494,2.0,0.0,12.0,0.14285714285714285,2.0,0.0,Giles_of_Rome
1497,1.0,0.0,12.0,0.07692307692307693,1.0,0.0,Gilles_Châtelet
1500,4.0,1.0,12.0,0.17647058823529413,5.0,0.0,Gillian_Rose
1505,11.0,1.0,12.0,0.4166666666666667,12.0,1.0,Thomas_Cajetan
1506,1.0,0.0,12.0,0.07692307692307693,1.0,1.0,John_Colet
1508,3.0,1.0,12.0,0.125,4.0,1.0,Gorgias
1510,3.0,1.0,12.0,0.125,4.0,2.0,Antisthenes
1521,2.0,3.0,12.0,-0.058823529411764705,5.0,1.0,Nicholas_Rescher
1525,2.0,0.0,12.0,0.14285714285714285,2.0,0.0,Mitrofan_Lodyzhensky
1527,0.0,2.0,12.0,-0.14285714285714285,2.0,2.0,Mladen_Dolar
1528,0.0,2.0,12.0,-0.14285714285714285,2.0,2.0,Alenka_Zupančič
1529,1.0,0.0,12.0,0.07692307692307693,1.0,1.0,Mohammad_Baba_As-Samasi
1536,2.0,0.0,12.0,0.14285714285714285,2.0,2.0,Adam_Ferguson
1543,3.0,0.0,12.0,0.2,3.0,1.0,Gustav_Bergmann
1544,0.0,1.0,12.0,-0.07692307692307693,1.0,1.0,Herbert_Feigl
1546,0.0,1.0,12.0,-0.07692307692307693,1.0,1.0,Susan_Stebbing
1547,1.0,0.0,12.0,0.07692307692307693,1.0,1.0,Morris_Janowitz
1549,2.0,0.0,12.0,0.14285714285714285,2.0,2.0,Mortimer_J._Adler
1552,6.0,1.0,12.0,0.2631578947368421,7.0,1.0,Moses_Hess
1558,12.0,5.0,12.0,0.2413793103448276,17.0,2.0,Alexander_Herzen
1560,5.0,1.0,12.0,0.2222222222222222,6.0,0.0,Mozi
1561,7.0,1.0,12.0,0.3,8.0,2.0,Zhuang_Zhou
1586,2.0,0.0,12.0,0.14285714285714285,2.0,0.0,Muhammad_Tahir
1589,1.0,1.0,12.0,0.0,2.0,0.0,Muhammad_Usman_Damani
1590,1.0,0.0,12.0,0.07692307692307693,1.0,1.0,Sayyad_Laal_Shah_Hamdani
1596,3.0,0.0,12.0,0.2,3.0,3.0,Mário_Ferreira_dos_Santos
1599,1.0,0.0,12.0,0.07692307692307693,1.0,0.0,Theodor_Lipps
1601,3.0,12.0,11.0,-0.34615384615384615,15.0,3.0,Theodor_W._Adorno
1603,1.0,0.0,12.0,0.07692307692307693,1.0,3.0,Mark_Fisher
1604,1.0,2.0,12.0,-0.06666666666666667,3.0,0.0,Theophrastus
1605,0.0,1.0,12.0,-0.07692307692307693,1.0,1.0,Strato_of_Lampsacus
1607,14.0,0.0,12.0,0.5384615384615384,14.0,0.0,Thiruvalluvar
1622,5.0,5.0,12.0,0.0,10.0,1.0,Étienne_Gilson
1632,0.0,1.0,12.0,-0.07692307692307693,1.0,0.0,Thomas_Metzinger
1639,1.0,0.0,12.0,0.07692307692307693,1.0,1.0,Jyotirao_Phule
1644,2.0,0.0,12.0,0.14285714285714285,2.0,1.0,William_L._Rowe
1652,1.0,0.0,12.0,0.07692307692307693,1.0,0.0,Damo_(philosopher)
1654,1.0,0.0,12.0,0.07692307692307693,1.0,0.0,Dan_Goldstick
1656,7.0,7.0,12.0,0.0,14.0,0.0,Duns_Scotus__John_Duns_Scotus__1
1662,15.0,1.0,12.0,0.5,16.0,0.0,John_Scotus_Eriugena__John_Scotus_Eriugena__1
1677,17.0,0.0,12.0,0.5862068965517241,17.0,0.0,John_van_Ruysbroeck__John_of_Ruusbroec__1
1694,14.0,1.0,12.0,0.48148148148148145,15.0,0.0,Michel_Aflaq__1
1704,12.0,0.0,12.0,0.5,12.0,4.0,Tan_Malaka
1710,1.0,1.0,12.0,0.0,2.0,0.0,Michel_Bréal__Michel_Bréal__1
1712,9.0,0.0,12.0,0.42857142857142855,9.0,2.0,Antoine_Meillet
1713,2.0,1.0,12.0,0.06666666666666667,3.0,0.0,Andrzej_Frycz_Modrzewski
1716,1.0,0.0,12.0,0.07692307692307693,1.0,3.0,Anna-Teresa_Tymieniecka
1717,4.0,0.0,12.0,0.25,4.0,0.0,Antarah_ibn_Shaddad
1722,1.0,0.0,12.0,0.07692307692307693,1.0,1.0,"Anthony_Ashley-Cooper,_3rd_Earl_of_Shaftesbury"
1724,0.0,1.0,12.0,-0.07692307692307693,1.0,1.0,Antiochus_of_Ascalon
1728,3.0,0.0,12.0,0.2,3.0,3.0,Crates_of_Thebes
1729,1.0,0.0,12.0,0.07692307692307693,1.0,0.0,Antoine_Destutt_de_Tracy
1740,0.0,1.0,12.0,-0.07692307692307693,1.0,3.0,Ernesto_Laclau
1741,12.0,0.0,12.0,0.5,12.0,1.0,Apuleius
1752,1.0,0.0,12.0,0.07692307692307693,1.0,1.0,Aristippus_the_Younger
1808,6.0,0.0,12.0,0.3333333333333333,6.0,1.0,Sheldon_Wolin
1810,4.0,3.0,12.0,0.05263157894736842,7.0,2.0,Richard_McKeon
1817,1.0,0.0,12.0,0.07692307692307693,1.0,1.0,Richard_Kennington
1824,5.0,0.0,12.0,0.29411764705882354,5.0,0.0,Leon_Petrażycki
1830,4.0,1.0,12.0,0.17647058823529413,5.0,3.0,Leszek_Kołakowski
1836,1.0,0.0,12.0,0.07692307692307693,1.0,1.0,Lev_Shestov
1838,1.0,0.0,12.0,0.07692307692307693,1.0,0.0,Lionel_Snell
1840,2.0,0.0,12.0,0.14285714285714285,2.0,1.0,Ljubodrag_Simonović
1843,1.0,0.0,12.0,0.07692307692307693,1.0,4.0,Lorenz_Bruno_Puntel
1846,2.0,1.0,12.0,0.06666666666666667,3.0,0.0,Louis_Arnaud_Reid
1848,4.0,0.0,12.0,0.25,4.0,3.0,Susanne_Langer
1849,6.0,8.0,12.0,-0.07692307692307693,14.0,0.0,Louis_Blanc
1853,10.0,4.0,12.0,0.23076923076923078,14.0,5.0,Mikhail_Bakunin
1868,3.0,1.0,12.0,0.125,4.0,1.0,Luce_Irigaray
1872,1.0,0.0,12.0,0.07692307692307693,1.0,0.0,Lucilio_Vanini
1880,5.0,3.0,12.0,0.1,8.0,3.0,Bruno_Bauer
1881,9.0,3.0,12.0,0.25,12.0,2.0,Nikolay_Chernyshevsky
1913,6.0,7.0,12.0,-0.04,13.0,5.0,Wilfrid_Sellars
1917,1.0,0.0,12.0,0.07692307692307693,1.0,5.0,Alice_Crary
1919,3.0,0.0,12.0,0.2,3.0,1.0,Norman_Malcolm
1929,0.0,1.0,12.0,-0.07692307692307693,1.0,3.0,James_F._Conant
1932,0.0,1.0,12.0,-0.07692307692307693,1.0,2.0,Jean-François_Lyotard
1934,3.0,0.0,12.0,0.2,3.0,2.0,Arthur_Danto
1937,1.0,1.0,12.0,0.0,2.0,2.0,Stephen_Toulmin
1943,1.0,1.0,12.0,0.0,2.0,2.0,Ian_Hacking
1951,2.0,1.0,12.0,0.06666666666666667,3.0,2.0,Gilles-Gaston_Granger
1956,5.0,0.0,12.0,0.29411764705882354,5.0,1.0,Luigi_Taparelli
1962,2.0,1.0,12.0,0.06666666666666667,3.0,1.0,Luis_de_Molina
1963,4.0,1.0,12.0,0.17647058823529413,5.0,0.0,Léon_de_Poncins
1968,1.0,0.0,12.0,0.07692307692307693,1.0,0.0,M._Hiriyanna
1969,0.0,1.0,12.0,-0.07692307692307693,1.0,0.0,Mahmood_Anjir-Faghnawi
1970,0.0,1.0,12.0,-0.07692307692307693,1.0,1.0,Ali_Ramitani
1971,2.0,0.0,12.0,0.14285714285714285,2.0,0.0,Mahmoud_Mehrmohammadi
1979,2.0,7.0,12.0,-0.23809523809523808,9.0,1.0,Maine_de_Biran
1980,1.0,2.0,12.0,-0.06666666666666667,3.0,1.0,Émile_Boutroux
1982,1.0,0.0,12.0,0.07692307692307693,1.0,2.0,Michel_Henry
1983,2.0,0.0,12.0,0.14285714285714285,2.0,0.0,Sibawayh
2006,2.0,0.0,12.0,0.14285714285714285,2.0,2.0,Paul_Guyer
2012,1.0,0.0,12.0,0.07692307692307693,1.0,3.0,Rae_Langton
2014,1.0,0.0,12.0,0.07692307692307693,1.0,0.0,Stephen_Batchelor_(author)
2016,2.0,0.0,12.0,0.14285714285714285,2.0,2.0,Stephen_Stich
2019,0.0,2.0,12.0,-0.14285714285714285,2.0,0.0,Steven_Marcus
2020,4.0,1.0,12.0,0.17647058823529413,5.0,1.0,Stilpo
2025,8.0,5.0,12.0,0.12,13.0,2.0,Pierre_Bayle
2026,1.0,1.0,12.0,0.0,2.0,0.0,Demetrios_Kydones
2028,4.0,0.0,12.0,0.25,4.0,0.0,Zaki_al-Arsuzi
2030,1.0,0.0,12.0,0.07692307692307693,1.0,0.0,Zechariah_Chafee
2032,0.0,1.0,12.0,-0.07692307692307693,1.0,0.0,Zeno_of_Sidon
2033,1.0,2.0,12.0,-0.06666666666666667,3.0,0.0,Zhou_Dunyi
2041,6.0,1.0,12.0,0.2631578947368421,7.0,6.0,Alan_Watts
2048,1.0,0.0,12.0,0.07692307692307693,1.0,0.0,Édouard_Glissant
2052,4.0,2.0,12.0,0.1111111111111111,6.0,0.0,Émile_Chartier
2056,0.0,3.0,12.0,-0.2,3.0,0.0,Émile_Meyerson
2057,1.0,0.0,12.0,0.07692307692307693,1.0,0.0,Éric_Geoffroy
2059,0.0,1.0,12.0,-0.07692307692307693,1.0,1.0,Étienne_Balibar
2060,7.0,2.0,12.0,0.23809523809523808,9.0,3.0,Jacques_Rancière
2067,10.0,0.0,12.0,0.45454545454545453,10.0,1.0,Norman_Geisler
2068,1.0,0.0,12.0,0.07692307692307693,1.0,4.0,Henry_Corbin
2069,5.0,3.0,12.0,0.1,8.0,3.0,Jacques_Maritain
2072,1.0,1.0,12.0,0.0,2.0,0.0,Étienne_Souriau
2073,12.0,0.0,12.0,0.5,12.0,1.0,Étienne_de_La_Boétie
2080,3.0,0.0,12.0,0.2,3.0,0.0,Fazal_Ali_Qureshi
2084,0.0,1.0,12.0,-0.07692307692307693,1.0,0.0,Fujiwara_Seika
2085,2.0,0.0,12.0,0.14285714285714285,2.0,1.0,Hayashi_Razan
2086,1.0,0.0,12.0,0.07692307692307693,1.0,0.0,Ibn_Barrajan
2088,1.0,0.0,12.0,0.07692307692307693,1.0,0.0,Ibn_Mada'
2090,4.0,1.0,12.0,0.17647058823529413,5.0,0.0,Ibn_Sab'in
2091,4.0,0.0,12.0,0.25,4.0,2.0,Abu_al-Hasan_al-Shushtari
2096,1.0,0.0,12.0,0.07692307692307693,1.0,0.0,Plutarch_of_Athens
2098,3.0,0.0,12.0,0.2,3.0,1.0,Mark_Bevir
2102,5.0,1.0,12.0,0.2222222222222222,6.0,1.0,August_Leskien
2113,29.0,4.0,12.0,0.5555555555555556,33.0,2.0,Herbert_Spencer
2117,12.0,1.0,12.0,0.44,13.0,2.0,Averroes
2134,0.0,2.0,12.0,-0.14285714285714285,2.0,0.0,Baltasar_Gracián
2135,1.0,0.0,12.0,0.07692307692307693,1.0,0.0,Bruno_Bauch
2137,5.0,0.0,12.0,0.29411764705882354,5.0,0.0,Bruno_Leoni
2141,0.0,1.0,12.0,-0.07692307692307693,1.0,0.0,Burton_Dreben
2142,0.0,1.0,12.0,-0.07692307692307693,1.0,1.0,C._D._Broad
2143,4.0,3.0,12.0,0.05263157894736842,7.0,1.0,C._I._Lewis
2148,6.0,1.0,12.0,0.2631578947368421,7.0,0.0,Cesare_Beccaria
2152,0.0,1.0,12.0,-0.07692307692307693,1.0,0.0,Agrippa_the_Skeptic
2161,3.0,1.0,12.0,0.125,4.0,2.0,Walter_Kaufmann_(philosopher)
2165,3.0,0.0,12.0,0.2,3.0,0.0,Walter_of_Bruges
2169,1.0,0.0,12.0,0.07692307692307693,1.0,0.0,Wiebe_Bijker
2171,12.0,0.0,12.0,0.5,12.0,0.0,Wilfred_Stein
2184,1.0,0.0,12.0,0.07692307692307693,1.0,0.0,Wilfred_Talbot_Smith
2190,1.0,5.0,12.0,-0.2222222222222222,6.0,8.0,Karl_Jaspers
2191,2.0,3.0,12.0,-0.058823529411764705,5.0,3.0,Wilhelm_Windelband
2192,2.0,0.0,12.0,0.14285714285714285,2.0,1.0,Ernst_Troeltsch
2193,2.0,5.0,12.0,-0.15789473684210525,7.0,1.0,Heinrich_Rickert
2202,1.0,1.0,12.0,0.0,2.0,1.0,Gilbert_Harman
2203,2.0,1.0,12.0,0.06666666666666667,3.0,1.0,William_A._Earle
2206,1.0,0.0,12.0,0.07692307692307693,1.0,0.0,William_Chittick
2208,1.0,0.0,12.0,0.07692307692307693,1.0,0.0,William_E._Blackstone
2211,1.0,0.0,12.0,0.07692307692307693,1.0,3.0,William_Thompson_(philosopher)
2214,1.0,0.0,12.0,0.07692307692307693,1.0,0.0,William_Henry_Chamberlin_(philosopher)
2223,0.0,2.0,12.0,-0.14285714285714285,2.0,1.0,F._C._S._Schiller
2227,3.0,1.0,12.0,0.125,4.0,0.0,William_Petty
2231,3.0,0.0,12.0,0.2,3.0,0.0,William_Wollaston
2235,1.0,0.0,12.0,0.07692307692307693,1.0,0.0,William_of_Champeaux
2238,7.0,1.0,12.0,0.3,8.0,1.0,Gregory_of_Rimini
2239,5.0,1.0,12.0,0.2222222222222222,6.0,2.0,Jean_Buridan
2241,1.0,0.0,12.0,0.07692307692307693,1.0,2.0,Wincenty_Lutosławski
2243,1.0,0.0,12.0,0.07692307692307693,1.0,0.0,Gabriel_Wagner
2245,0.0,1.0,12.0,-0.07692307692307693,1.0,0.0,Giorgio_Del_Vecchio
2246,4.0,0.0,12.0,0.25,4.0,2.0,Norberto_Bobbio
2247,1.0,0.0,12.0,0.07692307692307693,1.0,2.0,Giovanni_Botero
2249,2.0,2.0,12.0,0.0,4.0,1.0,H._A._Prichard
2254,1.0,0.0,12.0,0.07692307692307693,1.0,0.0,Hazrat_Babajan
2255,3.0,0.0,12.0,0.2,3.0,1.0,Isaac_Levi
2258,4.0,1.0,12.0,0.17647058823529413,5.0,0.0,Joachim_Ritter
2262,1.0,0.0,12.0,0.07692307692307693,1.0,1.0,Odo_Marquard
2264,8.0,0.0,12.0,0.4,8.0,0.0,Joachim_of_Fiore
2273,3.0,0.0,12.0,0.2,3.0,0.0,Julian_Ochorowicz
2277,5.0,1.0,12.0,0.2222222222222222,6.0,0.0,Justus_Lipsius
2283,1.0,0.0,12.0,0.07692307692307693,1.0,0.0,Karsten_Harries
2285,1.0,1.0,12.0,0.0,2.0,0.0,Nikolay_Lossky
2286,1.0,0.0,12.0,0.07692307692307693,1.0,0.0,A._D._Gordon
2292,1.0,0.0,12.0,0.07692307692307693,1.0,0.0,Abd_al-Hussein_al-Hilli
2294,1.0,0.0,12.0,0.07692307692307693,1.0,0.0,Abd_al-Rahman_al-Kawakibi
2296,1.0,0.0,12.0,0.07692307692307693,1.0,0.0,Abu_Abd_al-Rahman_Ibn_Aqil_al-Zahiri
2298,1.0,0.0,12.0,0.07692307692307693,1.0,0.0,Abu_Hatim_Ahmad_ibn_Hamdan_al-Razi
2300,6.0,0.0,12.0,0.3333333333333333,6.0,1.0,Abu_Zayd_al-Balkhi
2307,0.0,1.0,12.0,-0.07692307692307693,1.0,0.0,Adam_Karl_August_von_Eschenmayer
2321,2.0,0.0,12.0,0.14285714285714285,2.0,0.0,Adamantios_Korais
2323,3.0,3.0,12.0,0.0,6.0,0.0,Adelard_of_Bath
2327,5.0,3.0,12.0,0.1,8.0,0.0,Afrikan_Spir
2329,3.0,1.0,12.0,0.125,4.0,3.0,Hans_Vaihinger
2331,4.0,8.0,12.0,-0.16666666666666666,12.0,0.0,Agustín_García_Calvo
2334,3.0,0.0,12.0,0.2,3.0,0.0,Ahamed_Muhyudheen_Noorishah_Jeelani
2338,1.0,0.0,11.0,0.08333333333333333,1.0,1.0,Akeel_Bilgrami
2339,9.0,3.0,12.0,0.25,12.0,0.0,Al-Farabi
2347,3.0,0.0,12.0,0.2,3.0,0.0,Al-Jahiz
2351,6.0,2.0,12.0,0.2,8.0,2.0,Al-Kindi
2358,1.0,0.0,12.0,0.07692307692307693,1.0,0.0,Alan_Code
2369,2.0,1.0,12.0,0.06666666666666667,3.0,2.0,Alberto_Edwards
2372,3.0,0.0,12.0,0.2,3.0,2.0,Francisco_Antonio_Encina
2373,6.0,0.0,12.0,0.3333333333333333,6.0,0.0,Alejandro_Korn
2391,1.0,0.0,12.0,0.07692307692307693,1.0,1.0,Alexander_Pruss
2396,0.0,1.0,12.0,-0.07692307692307693,1.0,0.0,Alexandre_Matheron
2402,0.0,1.0,12.0,-0.07692307692307693,1.0,1.0,Héctor-Neri_Castañeda
2404,5.0,2.0,12.0,0.15789473684210525,7.0,1.0,Alfred_Korzybski
2418,3.0,1.0,12.0,0.125,4.0,1.0,Milič_Čapek
2421,1.0,0.0,12.0,0.07692307692307693,1.0,0.0,Ali_ibn_Sahl_Rabban_al-Tabari
2431,2.0,0.0,12.0,0.14285714285714285,2.0,1.0,Amina_Wadud
2433,4.0,1.0,12.0,0.17647058823529413,5.0,0.0,Ammonius_Hermiae
2434,7.0,5.0,12.0,0.08333333333333333,12.0,1.0,John_Philoponus
2439,2.0,0.0,12.0,0.14285714285714285,2.0,0.0,Anania_Shirakatsi
2442,1.0,2.0,12.0,-0.06666666666666667,3.0,1.0,Anaxagoras
2443,0.0,1.0,12.0,-0.07692307692307693,1.0,1.0,Archelaus_(philosopher)
2444,5.0,2.0,12.0,0.15789473684210525,7.0,3.0,Socrates
2445,2.0,3.0,12.0,-0.058823529411764705,5.0,1.0,Anaximander
2448,2.0,0.0,12.0,0.14285714285714285,2.0,0.0,Anders_Chydenius
2451,1.0,1.0,12.0,0.0,2.0,0.0,Al-Ma'arri
2453,2.0,0.0,12.0,0.14285714285714285,2.0,1.0,Taha_Hussein
2454,3.0,0.0,12.0,0.2,3.0,0.0,Al-Mutanabbi
2456,1.0,0.0,12.0,0.07692307692307693,1.0,0.0,Al-Sijzi
2458,0.0,2.0,12.0,-0.14285714285714285,2.0,0.0,Curt_John_Ducasse
2459,0.0,4.0,12.0,-0.25,4.0,0.0,Damaris_Cudworth_Masham
2460,3.0,0.0,12.0,0.2,3.0,0.0,Dan_W._Brock
2466,2.0,0.0,12.0,0.14285714285714285,2.0,0.0,Duncan_Kennedy_(legal_philosopher)
2471,3.0,4.0,12.0,-0.05263157894736842,7.0,2.0,Erich_Przywara
2475,3.0,2.0,12.0,0.058823529411764705,5.0,3.0,Roman_Ingarden
2485,4.0,1.0,12.0,0.17647058823529413,5.0,2.0,Jan_Patočka
2489,5.0,2.0,12.0,0.15789473684210525,7.0,0.0,Eduard_von_Hartmann
2503,6.0,0.0,12.0,0.3333333333333333,6.0,1.0,Ernest_Gellner
2509,0.0,1.0,12.0,-0.07692307692307693,1.0,0.0,Ernest_Renan
2512,2.0,4.0,12.0,-0.1111111111111111,6.0,1.0,Ernst_Bloch
2517,1.0,0.0,12.0,0.07692307692307693,1.0,0.0,Eugenio_Bulygin
2519,2.0,0.0,12.0,0.14285714285714285,2.0,0.0,Eugénio_Tavares
2522,1.0,0.0,12.0,0.07692307692307693,1.0,0.0,Evald_Ilyenkov
2524,1.0,0.0,12.0,0.07692307692307693,1.0,0.0,Evandro_Agazzi
2528,0.0,3.0,12.0,-0.2,3.0,2.0,James_Ward_(psychologist)
2537,5.0,1.0,12.0,0.2222222222222222,6.0,0.0,Fazlur_Rahman_Malik
2552,2.0,0.0,12.0,0.14285714285714285,2.0,0.0,Fernando_González_(writer)
2555,1.0,4.0,12.0,-0.17647058823529413,5.0,0.0,Francis_Hutcheson_(philosopher)
2558,1.0,2.0,12.0,-0.06666666666666667,3.0,0.0,Francisco_Sanches
2560,9.0,3.0,12.0,0.25,12.0,0.0,Francisco_Suárez
2566,6.0,0.0,12.0,0.3333333333333333,6.0,0.0,Francisco_de_Vitoria
2569,5.0,1.0,12.0,0.2222222222222222,6.0,0.0,Franciscus_Patricius
2573,0.0,1.0,12.0,-0.07692307692307693,1.0,0.0,Franciscus_van_den_Enden
2595,1.0,0.0,12.0,0.07692307692307693,1.0,0.0,Nicos_Poulantzas
2602,3.0,0.0,12.0,0.2,3.0,0.0,Nikolai_Fyodorovich_Fyodorov
2606,2.0,2.0,12.0,0.0,4.0,0.0,Nikolai_Stankevich
2614,1.0,1.0,12.0,0.0,2.0,1.0,Svetozar_Marković
2617,5.0,1.0,12.0,0.2222222222222222,6.0,0.0,Norbert_Elias
2633,1.0,0.0,12.0,0.07692307692307693,1.0,1.0,Norman_O._Brown
2635,0.0,1.0,12.0,-0.07692307692307693,1.0,0.0,Norwood_Russell_Hanson
2636,16.0,5.0,12.0,0.3333333333333333,21.0,1.0,Oswald_Spengler
2647,4.0,1.0,12.0,0.17647058823529413,5.0,0.0,Othmar_Spann
2652,4.0,0.0,12.0,0.25,4.0,0.0,Otto_Neurath
2656,5.0,0.0,12.0,0.29411764705882354,5.0,1.0,Otto_Weininger
2672,3.0,3.0,12.0,0.0,6.0,2.0,Parmenides
2675,1.0,1.0,12.0,0.0,2.0,0.0,Diotima_of_Mantinea
2676,5.0,0.0,12.0,0.29411764705882354,5.0,0.0,Gordon_Clark
2682,0.0,2.0,12.0,-0.14285714285714285,2.0,0.0,Gottlob_Ernst_Schulze
2692,2.0,0.0,12.0,0.14285714285714285,2.0,0.0,Kaniyan_Pungundranar
2693,1.0,0.0,12.0,0.07692307692307693,1.0,0.0,Ken_Gemes
2695,2.0,0.0,12.0,0.14285714285714285,2.0,0.0,Kocc_Barma_Fall
2698,0.0,1.0,12.0,-0.07692307692307693,1.0,0.0,William_Cleghorn
2699,2.0,0.0,12.0,0.14285714285714285,2.0,1.0,Stephen_Darwall
2704,5.0,3.0,12.0,0.1,8.0,2.0,Posidonius
2710,2.0,2.0,12.0,0.0,4.0,4.0,Proclus
2716,2.0,0.0,12.0,0.14285714285714285,2.0,1.0,Hugolino_of_Orvieto
2720,0.0,2.0,12.0,-0.14285714285714285,2.0,0.0,Gustav_Teichmüller
2721,10.0,10.0,12.0,0.0,20.0,1.0,György_Lukács
2727,1.0,0.0,12.0,0.07692307692307693,1.0,1.0,Karel_Kosík
2732,1.0,0.0,12.0,0.07692307692307693,1.0,0.0,György_Márkus
2734,1.0,0.0,12.0,0.07692307692307693,1.0,0.0,Hamka
2736,10.0,0.0,12.0,0.45454545454545453,10.0,0.0,Han_Fei
2747,4.0,0.0,12.0,0.25,4.0,1.0,Han_Ryner
2753,2.0,3.0,12.0,-0.058823529411764705,5.0,3.0,Dieter_Henrich
2755,2.0,0.0,12.0,0.14285714285714285,2.0,0.0,Hans_Kamp
2758,0.0,1.0,12.0,-0.07692307692307693,1.0,1.0,Hans_Kelsen
2759,1.0,0.0,12.0,0.07692307692307693,1.0,0.0,Hans_Lipps
2761,3.0,1.0,12.0,0.125,4.0,1.0,Hans_Reichenbach
2767,1.0,0.0,12.0,0.07692307692307693,1.0,0.0,Harald_Høffding
2769,3.0,3.0,12.0,0.0,6.0,0.0,Harold_H._Joachim
2771,8.0,1.0,12.0,0.3333333333333333,9.0,2.0,Michael_Oakeshott
2772,4.0,0.0,12.0,0.25,4.0,0.0,Harry_Frankfurt
2777,1.0,2.0,12.0,-0.06666666666666667,3.0,1.0,Heinrich_Blücher
2779,3.0,0.0,12.0,0.2,3.0,0.0,Helena_Blavatsky
2782,6.0,0.0,12.0,0.3333333333333333,6.0,0.0,Helena_Roerich
2795,6.0,0.0,12.0,0.3333333333333333,6.0,2.0,Necip_Fazıl_Kısakürek
2799,7.0,4.0,12.0,0.13043478260869565,11.0,1.0,Henri_Lefebvre
2811,19.0,3.0,12.0,0.47058823529411764,22.0,2.0,Henry_David_Thoreau
2845,6.0,5.0,12.0,0.043478260869565216,11.0,2.0,Henry_Sidgwick
2849,1.0,1.0,12.0,0.0,2.0,2.0,J._J._C._Smart
2851,9.0,9.0,12.0,0.0,18.0,1.0,Heraclitus
2865,2.0,0.0,12.0,0.14285714285714285,2.0,0.0,Herbert_McCabe
2883,0.0,1.0,12.0,-0.07692307692307693,1.0,1.0,Auberon_Herbert
2890,6.0,7.0,12.0,-0.04,13.0,3.0,Hermann_Lotze
2896,1.0,1.0,12.0,0.0,2.0,1.0,Hermann_Ulrici
2898,1.0,0.0,12.0,0.07692307692307693,1.0,0.0,Hillel_Zeitlin
2900,1.0,0.0,12.0,0.07692307692307693,1.0,0.0,Hirata_Atsutane
2902,1.0,0.0,12.0,0.07692307692307693,1.0,0.0,Hiroki_Azuma
2904,1.0,0.0,12.0,0.07692307692307693,1.0,0.0,Hisham_ibn_Urwah
2906,10.0,0.0,12.0,0.45454545454545453,10.0,0.0,Ion_Dragoumis
2916,1.0,0.0,11.0,0.08333333333333333,1.0,0.0,Iris_Marion_Young
2921,1.0,0.0,12.0,0.07692307692307693,1.0,0.0,István_Mészáros_(philosopher)
2923,6.0,3.0,12.0,0.14285714285714285,9.0,2.0,Ivan_Illich
2928,1.0,0.0,12.0,0.07692307692307693,1.0,0.0,Ivo_Urbančič
2934,1.0,3.0,12.0,-0.125,4.0,0.0,J._M._E._McTaggart
2936,5.0,0.0,12.0,0.29411764705882354,5.0,0.0,Jabir_ibn_Hayyan
2942,1.0,0.0,12.0,0.07692307692307693,1.0,0.0,Jacob_Moleschott
2944,3.0,1.0,12.0,0.125,4.0,0.0,Jacques_Camatte
2952,3.0,2.0,12.0,0.058823529411764705,5.0,2.0,John_D._Caputo
3003,5.0,3.0,12.0,0.1,8.0,0.0,Jakob_Böhme
3009,0.0,1.0,12.0,-0.07692307692307693,1.0,0.0,James_Higginbotham
3011,4.0,0.0,12.0,0.25,4.0,0.0,Jamgön_Ju_Mipham_Gyatso
3016,2.0,0.0,12.0,0.14285714285714285,2.0,0.0,Jan_Baudouin_de_Courtenay
3020,1.0,0.0,12.0,0.07692307692307693,1.0,0.0,Jan_Łukasiewicz
3027,0.0,1.0,12.0,-0.07692307692307693,1.0,1.0,Dimitri_Kitsikis
3031,1.0,2.0,12.0,-0.06666666666666667,3.0,0.0,Jean-Marie_Guyau
3038,1.0,0.0,12.0,0.07692307692307693,1.0,0.0,Jean-Pierre_de_Crousaz
3041,2.0,0.0,12.0,0.14285714285714285,2.0,1.0,Nicole_Oresme
3042,1.0,5.0,12.0,-0.2222222222222222,6.0,1.0,Jean_Hyppolite
3043,9.0,0.0,11.0,0.45,9.0,0.0,Jean_Gebser
3052,2.0,0.0,12.0,0.14285714285714285,2.0,0.0,Jean_Grou
3069,1.0,0.0,12.0,0.07692307692307693,1.0,0.0,Tetsuro_Watsuji
3071,1.0,3.0,12.0,-0.125,4.0,0.0,Thales_of_Miletus
3072,1.0,1.0,12.0,0.0,2.0,0.0,Jennifer_Hornsby
3073,0.0,1.0,12.0,-0.07692307692307693,1.0,0.0,Shelly_Kagan
3074,5.0,2.0,12.0,0.15789473684210525,7.0,1.0,Aristippus
3078,1.0,0.0,12.0,0.07692307692307693,1.0,0.0,Aristo_of_Alexandria
3080,1.0,0.0,12.0,0.07692307692307693,1.0,0.0,Aristocles_of_Messene
3081,1.0,0.0,12.0,0.07692307692307693,1.0,0.0,Arthur_A._Cohen
3086,1.0,0.0,12.0,0.07692307692307693,1.0,0.0,Arthur_Oncken_Lovejoy
3088,4.0,1.0,12.0,0.17647058823529413,5.0,0.0,Arthur_Prior
3111,1.0,0.0,12.0,0.07692307692307693,1.0,0.0,Artur_Juncosa_Carbonell
3113,6.0,2.0,12.0,0.2,8.0,1.0,August_Cieszkowski
3119,0.0,1.0,12.0,-0.07692307692307693,1.0,0.0,Abdulhakim_Arvasi
3123,2.0,0.0,12.0,0.14285714285714285,2.0,0.0,Charles_De_Koninck
3145,0.0,1.0,12.0,-0.07692307692307693,1.0,0.0,Charles_Parsons_(philosopher)
3146,2.0,0.0,12.0,0.14285714285714285,2.0,1.0,Gila_Sher
3169,4.0,2.0,12.0,0.1111111111111111,6.0,0.0,Alcmaeon_of_Croton
3177,10.0,1.0,12.0,0.391304347826087,11.0,0.0,Jiddu_Krishnamurti
3184,1.0,0.0,12.0,0.07692307692307693,1.0,0.0,Joel_Feinberg
3186,1.0,0.0,12.0,0.07692307692307693,1.0,1.0,Johann_Christoph_Adelung
3188,3.0,4.0,12.0,-0.05263157894736842,7.0,0.0,Johann_Eduard_Erdmann
3190,2.0,1.0,12.0,0.06666666666666667,3.0,1.0,Kuno_Fischer
3192,3.0,5.0,12.0,-0.1,8.0,1.0,Johann_Friedrich_Herbart
3196,9.0,5.0,12.0,0.15384615384615385,14.0,2.0,Johann_Gottfried_Herder
3207,0.0,1.0,12.0,-0.07692307692307693,1.0,0.0,Johann_Gustav_Droysen
3208,2.0,0.0,12.0,0.14285714285714285,2.0,0.0,Johann_Heinrich_Pestalozzi
3209,3.0,0.0,12.0,0.2,3.0,0.0,Johann_Kaspar_Bluntschli
3212,2.0,1.0,12.0,0.06666666666666667,3.0,0.0,Johann_Plenge
3215,1.0,1.0,12.0,0.0,2.0,0.0,John_Alexander_Smith
3216,0.0,1.0,12.0,-0.07692307692307693,1.0,1.0,Herbert_James_Paton
3222,2.0,0.0,12.0,0.14285714285714285,2.0,0.0,John_Austin_(legal_philosopher)
3225,0.0,2.0,12.0,-0.14285714285714285,2.0,1.0,John_Cook_Wilson
3228,5.0,0.0,12.0,0.29411764705882354,5.0,0.0,John_Grinder
3234,1.0,0.0,12.0,0.07692307692307693,1.0,0.0,John_Lucas_(philosopher)
3238,1.0,0.0,12.0,0.07692307692307693,1.0,1.0,John_Mearsheimer
3242,7.0,0.0,12.0,0.3684210526315789,7.0,0.0,Justus_Buchler
3251,0.0,1.0,12.0,-0.07692307692307693,1.0,0.0,Józef_Maria_Bocheński
3252,2.0,1.0,12.0,0.06666666666666667,3.0,0.0,Józef_Maria_Hoene-Wroński
3258,2.0,0.0,12.0,0.14285714285714285,2.0,0.0,Kabir
3260,2.0,1.0,12.0,0.06666666666666667,3.0,0.0,Kalanos
3270,6.0,0.0,12.0,0.3333333333333333,6.0,1.0,Karl_Korsch
3293,3.0,0.0,12.0,0.2,3.0,1.0,Michael_Redhead
3302,0.0,1.0,12.0,-0.07692307692307693,1.0,0.0,Katarzyna_de_Lazari-Radek
3306,3.0,0.0,12.0,0.2,3.0,1.0,Kendall_Walton
3308,7.0,2.0,12.0,0.23809523809523808,9.0,1.0,Kenneth_Waltz
3316,8.0,3.0,12.0,0.21739130434782608,11.0,0.0,Laozi
3319,1.0,0.0,12.0,0.07692307692307693,1.0,0.0,Larry_Laudan
3321,1.0,0.0,12.0,0.07692307692307693,1.0,0.0,Lazăr_Șăineanu
3324,1.0,0.0,12.0,0.07692307692307693,1.0,0.0,Susan_R._Wolf
3326,2.0,1.0,12.0,0.06666666666666667,3.0,0.0,Susan_Strange
3332,3.0,1.0,12.0,0.125,4.0,0.0,Suzanne_Briet
3337,7.0,0.0,12.0,0.3684210526315789,7.0,0.0,Syed_Ahmad_Khan
3344,2.0,0.0,12.0,0.14285714285714285,2.0,0.0,Syed_Zahoor_Shah_Hashmi
3346,1.0,1.0,12.0,0.0,2.0,0.0,Syrianus
3353,6.0,4.0,12.0,0.09090909090909091,10.0,0.0,T._H._Green
3359,3.0,0.0,12.0,0.2,3.0,0.0,T._K._Seung
3363,2.0,2.0,12.0,0.0,4.0,0.0,T._M._Scanlon
3366,2.0,1.0,12.0,0.06666666666666667,3.0,0.0,Tajuddin_Muhammad_Badruddin
3368,1.0,0.0,12.0,0.07692307692307693,1.0,0.0,Edgar_S._Brightman
3369,0.0,1.0,12.0,-0.07692307692307693,1.0,0.0,George_Paxton_Young
3370,0.0,1.0,12.0,-0.07692307692307693,1.0,0.0,Henry_of_Harclay
3371,1.0,0.0,12.0,0.07692307692307693,1.0,0.0,Herman_of_Carinthia
3373,0.0,1.0,12.0,-0.07692307692307693,1.0,1.0,Kurt_Baier
3374,2.0,0.0,12.0,0.14285714285714285,2.0,0.0,Theognostus_of_Alexandria
3378,2.0,2.0,12.0,0.0,4.0,1.0,Polemon_(scholarch)
3379,3.0,3.0,12.0,0.0,6.0,0.0,Giordano_Bruno__Giordano_Bruno__1
3381,3.0,5.0,12.0,-0.1,8.0,0.0,Zeno_of_Citium__Zeno_of_Citium__1
3383,1.0,2.0,12.0,-0.06666666666666667,3.0,1.0,Panaetius
3384,3.0,2.0,12.0,0.058823529411764705,5.0,0.0,Zeno_of_Elea__Zeno_of_Elea__1
3388,1.0,1.0,12.0,0.0,2.0,0.0,Dimitrije_Mitrinović
3390,4.0,7.0,12.0,-0.13043478260869565,11.0,0.0,Diogenes
3393,3.0,0.0,12.0,0.2,3.0,0.0,Diogenes_of_Apollonia
3398,1.0,0.0,12.0,0.07692307692307693,1.0,0.0,Asclepiodotus_of_Alexandria
3399,2.0,0.0,12.0,0.14285714285714285,2.0,0.0,Marguerite_Porete
3419,1.0,0.0,11.0,0.08333333333333333,1.0,0.0,Martha_Albertson_Fineman
3428,3.0,1.0,12.0,0.125,4.0,0.0,Martín_de_Azpilcueta
3429,4.0,0.0,12.0,0.25,4.0,0.0,Pherecydes_of_Syros
3438,1.0,0.0,12.0,0.07692307692307693,1.0,1.0,Philip_Pettit
3447,1.0,0.0,11.0,0.08333333333333333,1.0,0.0,Philippe_Van_Parijs
3448,1.0,0.0,12.0,0.07692307692307693,1.0,0.0,Philo
3450,2.0,0.0,12.0,0.14285714285714285,2.0,0.0,Philolaus
3471,10.0,1.0,12.0,0.391304347826087,11.0,0.0,Pierre_Teilhard_de_Chardin
3487,9.0,2.0,12.0,0.30434782608695654,11.0,2.0,Porphyry_(philosopher)
3488,2.0,1.0,12.0,0.06666666666666667,3.0,2.0,Iamblichus
3503,3.0,1.0,12.0,0.125,4.0,1.0,Sextus_of_Chaeronea
3505,13.0,3.0,12.0,0.35714285714285715,16.0,0.0,Polybius
3518,1.0,0.0,12.0,0.07692307692307693,1.0,0.0,Solomon_Feferman
3520,8.0,10.0,12.0,-0.06666666666666667,18.0,0.0,Hugo_Grotius
3526,3.0,1.0,12.0,0.125,4.0,0.0,Héloïse
3528,1.0,1.0,12.0,0.0,2.0,0.0,Hélène_Cixous
3531,1.0,0.0,12.0,0.07692307692307693,1.0,0.0,Ibn_Dihya_al-Kalby
3533,1.0,0.0,12.0,0.07692307692307693,1.0,0.0,Ikki_Kita
3540,7.0,0.0,12.0,0.3684210526315789,7.0,0.0,Kitaro_Nishida
3548,1.0,2.0,12.0,-0.06666666666666667,3.0,0.0,Kostas_Axelos
3549,0.0,1.0,12.0,-0.07692307692307693,1.0,0.0,Krishna_Chandra_Bhattacharya
3552,4.0,0.0,12.0,0.25,4.0,0.0,Michael_Bratman
3558,1.0,0.0,12.0,0.07692307692307693,1.0,0.0,Michael_Frede
3569,2.0,0.0,12.0,0.14285714285714285,2.0,0.0,Michael_Sandel
3592,2.0,0.0,12.0,0.14285714285714285,2.0,0.0,Mikhail_Bakhtin
3600,3.0,0.0,12.0,0.2,3.0,0.0,Milan_Komar
3614,14.0,15.0,12.0,-0.024390243902439025,29.0,0.0,Niccolò_Machiavelli
3620,2.0,1.0,12.0,0.06666666666666667,3.0,0.0,Olga_Plümacher
3634,0.0,2.0,12.0,-0.14285714285714285,2.0,0.0,R._B._Braithwaite
3640,3.0,1.0,12.0,0.125,4.0,0.0,Raya_Dunayevskaya
3648,1.0,0.0,12.0,0.07692307692307693,1.0,0.0,Raymond_Williams
3685,1.0,0.0,12.0,0.07692307692307693,1.0,0.0,Sheikh_Yusof_Sarvestani
3689,0.0,1.0,12.0,-0.07692307692307693,1.0,0.0,Wolfgang_Cramer
3690,1.0,1.0,12.0,0.0,2.0,0.0,Wolfgang_Stegmüller
3695,1.0,0.0,12.0,0.07692307692307693,1.0,0.0,Xiong_Shili
3697,3.0,0.0,12.0,0.2,3.0,0.0,Yamazaki_Ansai
3701,2.0,0.0,12.0,0.14285714285714285,2.0,0.0,Yann_Fouéré
3704,4.0,0.0,12.0,0.25,4.0,0.0,Yaşar_Nuri_Öztürk
3709,4.0,0.0,12.0,0.25,4.0,0.0,Mirza_Mazhar_Jan-e-Janaan
3717,1.0,0.0,12.0,0.07692307692307693,1.0,0.0,Syed_Shujaat_Ali_Qadri
3719,1.0,0.0,12.0,0.07692307692307693,1.0,1.0,Ullin_Place
3720,4.0,0.0,12.0,0.25,4.0,0.0,Zeno_Vendler
3725,0.0,1.0,12.0,-0.07692307692307693,1.0,0.0,Gustav_Hugo
3728,2.0,0.0,12.0,0.14285714285714285,2.0,0.0,Sarmad_Kashani
3731,0.0,1.0,12.0,-0.07692307692307693,1.0,0.0,Thomas_Prufer
3732,3.0,2.0,12.0,0.058823529411764705,5.0,0.0,Ernest_Nagel__Ernest_Nagel__1
3734,1.0,0.0,12.0,0.07692307692307693,1.0,0.0,Ernst_Mally__Ernst_Mally__1
3735,4.0,1.0,12.0,0.17647058823529413,5.0,0.0,Euclid_of_Megara__Euclid_of_Megara__1
3740,6.0,0.0,12.0,0.3333333333333333,6.0,0.0,Jacob_Burckhardt__Jacob_Burckhardt__1
3745,2.0,0.0,12.0,0.14285714285714285,2.0,0.0,Eva_Kittay
3754,1.0,0.0,12.0,0.07692307692307693,1.0,0.0,Mohammed_Abed_al-Jabri
3755,2.0,0.0,12.0,0.14285714285714285,2.0,0.0,Muhammad_Rida_al-Muzaffar
3758,2.0,0.0,12.0,0.14285714285714285,2.0,0.0,Muhammad_Sirajuddin_Naqshbandi
3761,12.0,1.0,12.0,0.44,13.0,0.0,Muhammad_Husayn_Tabatabai__Muhammad_Husayn_Tabataba'i__1
3773,1.0,0.0,12.0,0.07692307692307693,1.0,0.0,William_of_Moerbeke
3775,2.0,0.0,12.0,0.14285714285714285,2.0,0.0,Tanhum_of_Jerusalem
3780,7.0,1.0,12.0,0.3,8.0,0.0,George_Boole__George_Boole__1
3787,0.0,1.0,12.0,-0.07692307692307693,1.0,0.0,George_Boolos__George_Boolos__1
3788,2.0,0.0,12.0,0.14285714285714285,2.0,0.0,George_Ripley_(alchemist)__George_Ripley__1
3789,1.0,0.0,12.0,0.07692307692307693,1.0,0.0,Steno_Tedeschi
3791,3.0,0.0,12.0,0.2,3.0,0.0,Alexander_of_Hales__Alexander_of_Hales__1
3794,39.0,9.0,12.0,0.5,48.0,0.0,Algernon_Sidney__Algernon_Sidney__1
3808,6.0,0.0,12.0,0.3333333333333333,6.0,0.0,Allan_Bloom__Allan_Bloom__1
3811,34.0,6.0,12.0,0.5384615384615384,40.0,0.0,Ibn_Arabi__Ibn_ʿArabī__1
3843,3.0,0.0,12.0,0.2,3.0,0.0,Peter_Huxley-Blythe__Peter_Huxley-Blythe__1
3847,3.0,0.0,12.0,0.2,3.0,0.0,Cesare_Cremonini_(philosopher)__Cesare_Cremonini__1
3851,2.0,7.0,12.0,-0.23809523809523808,9.0,0.0,Gottlob_Frege__Gottlob_Frege__1
3854,6.0,1.0,12.0,0.2631578947368421,7.0,0.0,Jan_Hus__Jan_Hus__1
3858,9.0,2.0,12.0,0.30434782608695654,11.0,0.0,Martin_Buber__Martin_Buber__1
3866,13.0,0.0,12.0,0.52,13.0,0.0,"Martin_Gardner__Plato,_Kant,_G._K._Chesterton,_William_James,_Char__1"
3877,1.0,0.0,12.0,0.07692307692307693,1.0,0.0,Miguel_Castillo_Didier__Héctor_Herrera_Cajas__1
3879,3.0,1.0,12.0,0.125,4.0,0.0,Anselm_of_Laon__Anselm_of_Laon__1
3882,2.0,2.0,12.0,0.0,4.0,0.0,Antoine_Arnauld__Antoine_Arnauld__1
3884,3.0,2.0,12.0,0.058823529411764705,5.0,0.0,Antonio_Labriola__Antonio_Labriola__1
3886,2.0,1.0,12.0,0.06666666666666667,3.0,0.0,Leonard_Nelson__Leonard_Nelson__1
3889,3.0,1.0,12.0,0.125,4.0,0.0,"Sir_William_Hamilton,_9th_Baronet__William_Hamilton__1"
